Stagione,HomeTeam,AwayTeam,Quota_1,Quota_X,Quota_2
2023-2024,Atalanta,Fiorentina,1.57,4.39,5.22
2023-2024,Empoli,Roma,2.16,3.54,3.14
2023-2024,Frosinone,Udinese,2.5,3.01,3.02
2023-2024,Lazio,Sassuolo,1.31,5.44,8.76
2023-2024,Verona,Inter,6.72,4.99,1.41
2023-2024,Atalanta,Torino,2.44,3.5,2.7
2023-2024,Napoli,Lecce,1.35,5.26,7.7
2023-2024,Milan,Salernitana,1.11,9.82,17.79
2023-2024,Juventus,Monza,1.52,4.45,5.68
2023-2024,Genoa,Bologna,2.86,3.16,2.53
2023-2024,Cagliari,Fiorentina,4.73,3.83,1.7
2023-2024,Bologna,Juventus,2.71,3.04,2.78
2023-2024,Salernitana,Verona,5.11,3.89,1.65
2023-2024,Roma,Genoa,1.45,4.46,6.81
2023-2024,Inter,Lazio,1.55,4.38,5.5
2023-2024,Monza,Frosinone,2.97,3.45,2.3
2023-2024,Udinese,Empoli,1.93,3.19,4.33
2023-2024,Sassuolo,Cagliari,2.48,3.3,2.87
2023-2024,Torino,Milan,2.54,3.08,2.95
2023-2024,Lecce,Atalanta,3.68,3.55,1.98
2023-2024,Fiorentina,Napoli,2.1,3.42,3.46
2023-2024,Fiorentina,Monza,1.49,4.4,6.2
2023-2024,Lecce,Udinese,3.07,3.0,2.47
2023-2024,Atalanta,Roma,1.87,3.72,3.96
2023-2024,Juventus,Salernitana,1.14,8.46,16.2
2023-2024,Genoa,Sassuolo,2.3,3.32,3.13
2023-2024,Verona,Torino,3.08,2.86,2.6
2023-2024,Lazio,Empoli,1.64,3.79,5.52
2023-2024,Milan,Cagliari,1.57,4.26,5.42
2023-2024,Napoli,Bologna,1.92,3.38,4.16
2023-2024,Frosinone,Salernitana,1.36,5.0,8.08
2023-2024,Udinese,Roma,6.06,1.79,3.0
2023-2024,Milan,Inter,3.74,3.39,2.03
2023-2024,Roma,Bologna,2.35,2.92,3.49
2023-2024,Monza,Atalanta,3.93,3.69,1.89
2023-2024,Salernitana,Fiorentina,5.53,4.07,1.58
2023-2024,Torino,Frosinone,1.69,3.7,5.16
2023-2024,Sassuolo,Lecce,2.28,3.24,3.24
2023-2024,Verona,Udinese,2.75,2.9,2.89
2023-2024,Empoli,Napoli,5.0,3.97,1.66
2023-2024,Cagliari,Juventus,4.66,3.38,1.84
2023-2024,Genoa,Lazio,3.12,3.07,2.44
2023-2024,Atalanta,Verona,1.45,4.62,6.89
2023-2024,Fiorentina,Genoa,1.81,3.44,4.69
2023-2024,Inter,Cagliari,1.17,7.38,15.15
2023-2024,Sassuolo,Milan,4.39,3.86,1.75
2023-2024,Napoli,Frosinone,1.32,5.58,8.53
2023-2024,Bologna,Monza,1.51,4.01,6.76
2023-2024,Torino,Juventus,3.73,2.86,2.29
2023-2024,Lecce,Empoli,2.15,2.93,3.98
2023-2024,Lazio,Salernitana,1.32,5.19,9.47
2023-2024,Udinese,Inter,7.86,4.71,1.4
2023-2024,Juventus,Fiorentina,1.73,3.53,5.17
2023-2024,Cagliari,Atalanta,4.73,3.75,1.74
2023-2024,Verona,Genoa,2.66,2.87,3.01
2023-2024,Monza,Napoli,4.45,3.74,1.78
2023-2024,Frosinone,Bologna,4.21,3.48,1.88
2023-2024,Empoli,Torino,3.62,3.12,2.19
2023-2024,Roma,Lazio,2.1,3.16,3.83
2023-2024,Milan,Lecce,1.33,5.22,9.0
2023-2024,Lazio,Udinese,1.86,3.4,4.51
2023-2024,Fiorentina,Roma,2.54,3.22,2.86
2023-2024,Juventus,Atalanta,2.24,3.18,3.4
2023-2024,Milan,Empoli,1.41,4.65,7.74
2023-2024,Lecce,Verona,2.17,3.11,3.68
2023-2024,Genoa,Monza,2.11,3.16,3.75
2023-2024,Bologna,Inter,3.76,3.23,2.09
2023-2024,Cagliari,Salernitana,1.83,3.54,4.43
2023-2024,Sassuolo,Frosinone,2.38,3.42,2.92
2023-2024,Napoli,Torino,1.7,3.62,5.33
2023-2024,Inter,Genoa,1.25,5.88,12.22
2023-2024,Napoli,Juventus,2.29,3.13,3.39
2023-2024,Atalanta,Bologna,2.01,3.43,3.8
2023-2024,Empoli,Cagliari,2.25,3.26,3.33
2023-2024,Frosinone,Lecce,2.31,3.23,3.2
2023-2024,Verona,Sassuolo,2.37,3.31,3.02
2023-2024,Torino,Fiorentina,2.55,2.98,3.08
2023-2024,Monza,Roma,3.77,3.33,2.05
2023-2024,Udinese,Salernitana,1.66,3.71,5.54
2023-2024,Lazio,Milan,3.24,3.18,2.32
2023-2024,Inter,Atalanta,1.61,3.97,5.56
2023-2024,Sassuolo,Napoli,4.25,3.88,1.78
2023-2024,Fiorentina,Lazio,2.13,3.22,3.63
2023-2024,Roma,Torino,1.97,3.19,4.32
2023-2024,Milan,Atalanta,2.35,3.41,2.98
2023-2024,Lecce,Inter,6.85,4.31,1.48
2023-2024,Cagliari,Napoli,4.39,3.72,1.79
2023-2024,Juventus,Frosinone,1.31,5.45,9.27
2023-2024,Genoa,Udinese,2.47,2.91,3.25
2023-2024,Salernitana,Monza,3.26,3.21,2.3
2023-2024,Sassuolo,Torino,3.3,3.22,2.25
2023-2024,Roma,Inter,4.36,3.52,1.84
2023-2024,Cagliari,Lazio,3.57,3.23,2.13
2023-2024,Salernitana,Empoli,2.35,3.1,3.22
2023-2024,Roma,Cagliari,1.46,4.31,7.18
2023-2024,Inter,Juventus,1.83,3.43,4.64
2023-2024,Atalanta,Lazio,2.01,3.28,3.91
2023-2024,Napoli,Verona,1.44,4.43,7.53
2023-2024,Torino,Salernitana,1.57,3.85,6.39
2023-2024,Bologna,Sassuolo,1.62,3.83,5.68
2023-2024,Frosinone,Milan,4.51,3.93,1.73
2023-2024,Empoli,Genoa,2.89,2.9,2.73
2023-2024,Udinese,Monza,2.12,3.19,3.68
2023-2024,Lecce,Fiorentina,3.53,3.17,2.2
2023-2024,Salernitana,Roma,5.21,3.67,1.69
2023-2024,Fiorentina,Inter,4.46,3.44,1.85
2023-2024,Lazio,Napoli,2.36,3.02,3.33
2023-2024,Monza,Sassuolo,2.16,3.32,3.37
2023-2024,Verona,Frosinone,2.22,3.3,3.32
2023-2024,Genoa,Lecce,2.12,3.04,3.88
2023-2024,Milan,Bologna,1.71,3.56,5.24
2023-2024,Juventus,Empoli,1.26,5.52,12.24
2023-2024,Atalanta,Udinese,1.48,4.39,6.48
2023-2024,Cagliari,Torino,3.71,3.01,2.19
2023-2024,Lecce,Juventus,5.21,3.34,1.77
2023-2024,Salernitana,Genoa,3.23,2.99,2.44
2023-2024,Empoli,Monza,2.64,3.22,2.74
2023-2024,Frosinone,Cagliari,2.32,3.37,3.04
2023-2024,Udinese,Milan,4.03,3.59,1.88
2023-2024,Roma,Verona,1.44,4.37,7.64
2023-2024,Juventus,Roma,2.12,2.94,4.08
2023-2024,Milan,Sassuolo,1.5,4.71,5.59
2023-2024,Verona,Salernitana,1.89,3.42,4.25
2023-2024,Cagliari,Empoli,2.04,3.47,3.58
2023-2024,Udinese,Bologna,3.51,3.01,2.27
2023-2024,Atalanta,Lecce,1.35,4.97,8.43
2023-2024,Genoa,Inter,5.99,3.65,1.63
2023-2024,Lazio,Frosinone,1.59,3.97,5.74
2023-2024,Fiorentina,Torino,2.12,3.11,3.76
2023-2024,Napoli,Monza,1.56,4.16,5.73
2023-2024,Roma,Napoli,2.86,3.05,2.64
2023-2024,Inter,Lecce,1.27,5.65,11.27
2023-2024,Verona,Cagliari,2.39,3.16,3.11
2023-2024,Bologna,Atalanta,2.78,2.98,2.75
2023-2024,Torino,Udinese,1.64,3.67,5.7
2023-2024,Frosinone,Juventus,5.29,3.56,1.71
2023-2024,Monza,Fiorentina,2.8,3.21,2.57
2023-2024,Salernitana,Milan,6.87,4.5,1.45
2023-2024,Empoli,Lazio,4.34,3.41,1.87
2023-2024,Sassuolo,Genoa,2.5,3.11,2.97
2023-2024,Atalanta,Salernitana,1.26,5.96,10.99
2023-2024,Lazio,Inter,4.27,3.48,1.87
2023-2024,Bologna,Roma,2.44,2.89,3.34
2023-2024,Fiorentina,Verona,1.47,4.45,6.58
2023-2024,Udinese,Sassuolo,2.43,3.37,2.87
2023-2024,Milan,Monza,1.55,4.23,5.72
2023-2024,Torino,Empoli,1.57,3.89,6.14
2023-2024,Napoli,Cagliari,1.38,5.12,7.47
2023-2024,Lecce,Frosinone,2.17,3.21,3.53
2023-2024,Genoa,Juventus,4.61,2.93,2.01
2023-2024,Bologna,Torino,2.36,3.0,3.36
2023-2024,Verona,Lecce,2.79,2.92,2.83
2023-2024,Juventus,Inter,3.39,3.16,2.27
2023-2024,Roma,Udinese,1.63,3.73,5.74
2023-2024,Empoli,Sassuolo,2.64,3.46,2.58
2023-2024,Frosinone,Genoa,2.44,3.18,3.0
2023-2024,Cagliari,Monza,2.72,3.19,2.68
2023-2024,Milan,Fiorentina,2.1,3.31,3.6
2023-2024,Atalanta,Napoli,2.54,3.35,2.77
2023-2024,Salernitana,Lazio,4.57,3.5,1.82
2023-2024,Inter,Frosinone,1.17,7.96,13.89
2023-2024,Lazio,Roma,2.92,2.85,2.77
2023-2024,Fiorentina,Bologna,2.0,3.38,3.89
2023-2024,Udinese,Atalanta,3.49,3.38,2.12
2023-2024,Napoli,Empoli,1.26,6.24,9.81
2023-2024,Monza,Torino,2.76,3.03,2.77
2023-2024,Juventus,Cagliari,1.44,4.44,7.56
2023-2024,Lecce,Milan,4.98,3.61,1.74
2023-2024,Genoa,Verona,1.84,3.25,4.96
2023-2024,Sassuolo,Salernitana,1.74,3.93,4.45
2023-2024,Torino,Sassuolo,2.06,3.34,3.72
2023-2024,Frosinone,Empoli,2.15,3.44,3.36
2023-2024,Fiorentina,Juventus,2.86,3.11,2.63
2023-2024,Roma,Lecce,1.54,3.86,6.88
2023-2024,Cagliari,Genoa,2.68,2.97,2.92
2023-2024,Verona,Monza,3.08,3.11,2.46
2023-2024,Milan,Udinese,1.44,4.47,7.5
2023-2024,Atalanta,Inter,3.52,3.44,2.09
2023-2024,Salernitana,Napoli,7.67,5.14,1.38
2023-2024,Bologna,Lazio,2.72,3.03,2.82
2023-2024,Napoli,Fiorentina,1.57,4.33,5.5
2023-2024,Cagliari,Roma,5.0,3.5,1.77
2023-2024,Frosinone,Verona,2.21,3.32,3.37
2023-2024,Lazio,Atalanta,2.9,3.18,2.54
2023-2024,Monza,Salernitana,1.7,3.84,4.88
2023-2024,Genoa,Milan,4.26,3.32,1.94
2023-2024,Juventus,Torino,2.04,3.13,4.16
2023-2024,Inter,Bologna,1.31,5.53,9.3
2023-2024,Lecce,Sassuolo,2.63,3.35,2.66
2023-2024,Empoli,Udinese,2.84,3.25,2.55
2023-2024,Fiorentina,Cagliari,1.55,4.04,6.25
2023-2024,Sassuolo,Monza,2.09,3.76,3.24
2023-2024,Torino,Verona,1.75,3.4,5.37
2023-2024,Roma,Frosinone,1.39,4.84,7.96
2023-2024,Atalanta,Juventus,2.39,3.21,3.13
2023-2024,Udinese,Genoa,2.21,3.19,3.48
2023-2024,Bologna,Empoli,1.7,3.83,4.99
2023-2024,Salernitana,Inter,8.06,4.89,1.39
2023-2024,Milan,Lazio,1.72,3.73,5.01
2023-2024,Lecce,Napoli,4.82,3.66,1.75
2023-2024,Genoa,Roma,4.04,3.18,2.04
2023-2024,Frosinone,Fiorentina,3.78,3.53,1.98
2023-2024,Monza,Bologna,2.28,3.33,3.2
2023-2024,Inter,Sassuolo,1.25,6.58,10.01
2023-2024,Lazio,Torino,2.21,3.2,3.51
2023-2024,Napoli,Udinese,1.39,5.01,7.65
2023-2024,Cagliari,Milan,4.44,3.4,1.88
2023-2024,Empoli,Salernitana,2.64,3.15,2.79
2023-2024,Verona,Atalanta,4.23,3.58,1.87
2023-2024,Juventus,Lecce,1.5,4.21,6.93
2023-2024,Empoli,Juventus,5.47,3.96,1.62
2023-2024,Lecce,Salernitana,1.94,3.3,4.29
2023-2024,Inter,Fiorentina,1.72,3.84,4.8
2023-2024,Torino,Genoa,2.05,3.2,3.96
2023-2024,Atalanta,Monza,1.68,4.03,4.81
2023-2024,Napoli,Lazio,1.64,4.09,5.12
2023-2024,Bologna,Cagliari,1.78,3.67,4.57
2023-2024,Udinese,Frosinone,1.87,3.53,4.26
2023-2024,Roma,Milan,2.83,3.03,2.71
2023-2024,Sassuolo,Verona,1.94,3.61,3.82
2023-2024,Cagliari,Inter,7.36,4.67,1.42
2023-2024,Salernitana,Udinese,2.74,3.22,2.66
2023-2024,Lazio,Genoa,1.78,3.69,4.54
2023-2024,Napoli,Sassuolo,1.32,5.67,8.38
2023-2024,Fiorentina,Lecce,1.68,3.81,5.17
2023-2024,Juventus,Bologna,1.67,3.81,5.23
2023-2024,Milan,Torino,1.74,3.59,5.02
2023-2024,Verona,Roma,4.73,3.38,1.84
2023-2024,Frosinone,Atalanta,5.23,4.11,1.62
2023-2024,Monza,Empoli,1.91,3.6,3.96
2023-2024,Bologna,Milan,3.85,3.43,2.0
2023-2024,Torino,Cagliari,1.6,3.84,6.06
2023-2024,Lecce,Lazio,3.7,3.22,2.11
2023-2024,Udinese,Juventus,3.84,3.29,2.04
2023-2024,Roma,Salernitana,1.51,3.93,7.26
2023-2024,Sassuolo,Atalanta,3.37,3.57,2.12
2023-2024,Genoa,Fiorentina,3.26,3.24,2.3
2023-2024,Inter,Monza,1.4,4.99,7.34
2023-2024,Empoli,Verona,2.25,3.3,3.28
2023-2024,Frosinone,Napoli,6.31,4.38,1.51
2022-2023,Spezia,Verona,2.82,2.82,2.93
2022-2023,Milan,Verona,1.67,3.86,5.16
2022-2023,Roma,Spezia,1.79,3.61,4.61
2022-2023,Atalanta,Monza,1.51,4.64,5.74
2022-2023,Lecce,Bologna,2.61,3.31,2.71
2022-2023,Udinese,Juventus,5.05,4.06,1.65
2022-2023,Napoli,Sampdoria,1.09,10.48,23.0
2022-2023,Cremonese,Salernitana,2.65,3.41,2.61
2022-2023,Empoli,Lazio,3.94,3.76,1.87
2022-2023,Torino,Inter,2.53,3.44,2.72
2022-2023,Sassuolo,Fiorentina,2.55,3.59,2.61
2022-2023,Juventus,Milan,2.47,3.24,2.97
2022-2023,Lazio,Cremonese,1.22,6.67,12.17
2022-2023,Bologna,Napoli,3.88,3.46,1.97
2022-2023,Monza,Lecce,2.24,3.23,3.38
2022-2023,Verona,Empoli,1.88,3.57,4.11
2022-2023,Inter,Atalanta,1.85,3.72,4.14
2022-2023,Fiorentina,Roma,2.24,3.28,3.32
2022-2023,Salernitana,Udinese,2.84,3.29,2.53
2022-2023,Spezia,Torino,2.57,3.04,2.97
2022-2023,Sampdoria,Sassuolo,3.9,3.94,1.83
2022-2023,Empoli,Juventus,4.9,3.55,1.77
2022-2023,Roma,Salernitana,1.53,3.96,6.59
2022-2023,Udinese,Lazio,3.78,3.5,1.99
2022-2023,Napoli,Inter,2.0,3.55,3.71
2022-2023,Torino,Fiorentina,2.12,3.19,3.76
2022-2023,Lecce,Spezia,2.03,3.21,4.03
2022-2023,Milan,Sampdoria,1.14,8.45,17.38
2022-2023,Atalanta,Verona,1.45,4.62,6.98
2022-2023,Cremonese,Bologna,3.77,3.49,2.0
2022-2023,Milan,Lazio,1.86,3.49,4.43
2022-2023,Empoli,Bologna,2.74,3.04,2.79
2022-2023,Udinese,Napoli,5.98,3.88,1.6
2022-2023,Milan,Cremonese,1.34,5.08,9.63
2022-2023,Lazio,Sassuolo,1.66,4.04,5.07
2022-2023,Monza,Roma,3.9,3.16,2.09
2022-2023,Verona,Inter,5.76,3.93,1.61
2022-2023,Atalanta,Spezia,1.37,5.2,7.77
2022-2023,Juventus,Lecce,1.54,3.81,7.05
2022-2023,Salernitana,Fiorentina,4.35,3.77,1.79
2022-2023,Sampdoria,Torino,4.7,3.42,1.83
2022-2023,Bologna,Juventus,3.6,3.06,2.24
2022-2023,Fiorentina,Sampdoria,1.34,5.26,8.58
2022-2023,Cremonese,Verona,3.25,3.13,2.36
2022-2023,Napoli,Salernitana,1.19,7.07,13.94
2022-2023,Sassuolo,Empoli,2.06,3.44,3.63
2022-2023,Inter,Lazio,1.82,3.49,4.66
2022-2023,Torino,Atalanta,3.31,3.18,2.3
2022-2023,Roma,Milan,2.74,2.9,2.93
2022-2023,Spezia,Monza,2.76,3.21,2.65
2022-2023,Lecce,Udinese,2.2,3.06,3.68
2022-2023,Atalanta,Roma,2.42,3.17,3.1
2022-2023,Juventus,Napoli,3.09,3.0,2.55
2022-2023,Milan,Lecce,1.55,3.92,6.78
2022-2023,Monza,Fiorentina,3.56,3.3,2.15
2022-2023,Udinese,Cremonese,1.73,3.78,4.87
2022-2023,Empoli,Inter,5.85,4.02,1.59
2022-2023,Sampdoria,Spezia,2.75,3.18,2.69
2022-2023,Lazio,Torino,1.91,3.21,4.64
2022-2023,Salernitana,Sassuolo,3.19,3.51,2.21
2022-2023,Salernitana,Inter,6.41,4.26,1.51
2022-2023,Sassuolo,Torino,2.46,3.24,2.98
2022-2023,Empoli,Lecce,2.67,2.91,3.0
2022-2023,Napoli,Milan,1.97,3.32,4.14
2022-2023,Roma,Sampdoria,1.34,4.86,10.11
2022-2023,Monza,Lazio,3.78,3.23,2.11
2022-2023,Spezia,Salernitana,2.42,3.11,3.16
2022-2023,Bologna,Udinese,2.21,3.27,3.41
2022-2023,Juventus,Verona,1.55,3.81,6.99
2022-2023,Inter,Fiorentina,1.83,3.55,4.5
2022-2023,Cremonese,Atalanta,6.0,4.04,1.56
2022-2023,Inter,Juventus,2.04,3.24,3.96
2022-2023,Lazio,Roma,3.09,2.77,2.73
2022-2023,Fiorentina,Lecce,1.59,3.77,6.21
2022-2023,Torino,Napoli,4.92,3.43,1.79
2022-2023,Sampdoria,Verona,2.95,3.02,2.59
2022-2023,Udinese,Milan,3.64,3.32,2.1
2022-2023,Salernitana,Bologna,3.43,3.15,2.25
2022-2023,Monza,Cremonese,1.94,3.37,4.16
2022-2023,Atalanta,Empoli,1.41,4.88,7.33
2022-2023,Sassuolo,Spezia,1.74,3.82,4.58
2022-2023,Milan,Salernitana,1.25,5.98,12.38
2022-2023,Juventus,Sampdoria,1.34,4.86,10.09
2022-2023,Roma,Sassuolo,1.71,3.61,5.32
2022-2023,Cremonese,Fiorentina,4.74,3.72,1.75
2022-2023,Verona,Monza,2.52,3.09,3.02
2022-2023,Lecce,Torino,2.82,2.81,2.93
2022-2023,Bologna,Lazio,3.27,2.91,2.48
2022-2023,Napoli,Atalanta,1.67,3.86,5.14
2022-2023,Empoli,Udinese,3.02,3.3,2.4
2022-2023,Empoli,Napoli,7.06,4.61,1.45
2022-2023,Torino,Cremonese,1.68,3.57,5.74
2022-2023,Roma,Verona,1.75,3.38,5.39
2022-2023,Spezia,Juventus,5.51,3.81,1.65
2022-2023,Fiorentina,Empoli,1.64,3.92,5.39
2022-2023,Salernitana,Lazio,4.91,3.59,1.75
2022-2023,Atalanta,Lecce,1.46,4.34,7.54
2022-2023,Inter,Udinese,1.43,4.62,7.29
2022-2023,Monza,Milan,3.52,3.29,2.17
2022-2023,Sampdoria,Bologna,3.42,3.17,2.25
2022-2023,Sassuolo,Napoli,5.37,3.97,1.62
2022-2023,Sampdoria,Inter,9.17,4.74,1.37
2022-2023,Verona,Salernitana,1.76,3.56,5.01
2022-2023,Napoli,Cremonese,1.18,6.98,16.5
2022-2023,Juventus,Fiorentina,1.75,3.54,5.11
2022-2023,Bologna,Monza,2.36,3.14,3.22
2022-2023,Udinese,Sassuolo,2.01,3.46,3.72
2022-2023,Lazio,Atalanta,2.24,3.23,3.38
2022-2023,Lecce,Roma,4.13,3.12,2.04
2022-2023,Empoli,Spezia,2.0,3.38,3.85
2022-2023,Milan,Torino,1.73,3.56,5.15
2022-2023,Salernitana,Juventus,6.63,4.19,1.51
2022-2023,Monza,Sampdoria,1.8,3.44,4.86
2022-2023,Verona,Lazio,4.22,3.39,1.92
2022-2023,Inter,Milan,1.97,3.3,4.19
2022-2023,Fiorentina,Bologna,1.81,3.58,4.55
2022-2023,Torino,Udinese,2.44,3.09,3.13
2022-2023,Spezia,Napoli,8.11,4.93,1.38
2022-2023,Sassuolo,Atalanta,3.83,3.78,1.9
2022-2023,Roma,Empoli,1.49,4.21,6.93
2022-2023,Verona,Lecce,2.23,3.02,3.66
2022-2023,Empoli,Sampdoria,2.1,3.21,3.77
2022-2023,Roma,Fiorentina,2.13,3.26,3.67
2022-2023,Atalanta,Salernitana,1.32,5.38,9.33
2022-2023,Torino,Spezia,1.74,3.55,5.08
2022-2023,Udinese,Bologna,1.89,3.4,4.31
2022-2023,Sassuolo,Lazio,3.61,3.76,1.97
2022-2023,Inter,Verona,1.34,5.29,8.69
2022-2023,Lecce,Milan,5.07,3.71,1.71
2022-2023,Cremonese,Monza,2.75,3.09,2.74
2022-2023,Napoli,Juventus,2.05,3.33,3.82
2022-2023,Bologna,Atalanta,3.41,3.29,2.2
2022-2023,Verona,Cremonese,2.24,3.21,3.43
2022-2023,Milan,Roma,1.84,3.59,4.33
2022-2023,Sampdoria,Napoli,7.16,4.43,1.45
2022-2023,Lazio,Empoli,1.51,4.3,6.36
2022-2023,Spezia,Lecce,2.35,3.09,3.29
2022-2023,Salernitana,Torino,3.77,3.28,2.08
2022-2023,Monza,Inter,5.8,4.16,1.57
2022-2023,Juventus,Udinese,1.72,3.68,5.02
2022-2023,Fiorentina,Sassuolo,1.79,3.86,4.29
2022-2023,Inter,Napoli,2.38,3.29,3.06
2022-2023,Udinese,Empoli,1.68,3.86,5.12
2022-2023,Cremonese,Juventus,4.73,3.52,1.8
2022-2023,Fiorentina,Monza,1.81,3.68,4.44
2022-2023,Roma,Bologna,1.67,3.68,5.54
2022-2023,Lecce,Lazio,3.73,3.27,2.09
2022-2023,Spezia,Atalanta,4.67,3.87,1.74
2022-2023,Torino,Verona,1.63,3.75,5.94
2022-2023,Salernitana,Milan,8.08,4.8,1.4
2022-2023,Spezia,Udinese,3.78,3.52,1.99
2022-2023,Juventus,Inter,3.04,3.23,2.43
2022-2023,Roma,Lazio,2.12,3.26,3.66
2022-2023,Monza,Verona,2.15,3.38,3.41
2022-2023,Sampdoria,Fiorentina,4.3,3.45,1.88
2022-2023,Bologna,Torino,2.97,3.06,2.56
2022-2023,Milan,Spezia,1.22,6.54,12.52
2022-2023,Atalanta,Napoli,3.2,3.52,2.21
2022-2023,Empoli,Sassuolo,3.14,3.51,2.22
2022-2023,Salernitana,Cremonese,2.2,3.41,3.29
2022-2023,Udinese,Lecce,1.63,3.78,5.69
2022-2023,Monza,Bologna,2.32,3.18,3.26
2022-2023,Verona,Roma,4.23,3.56,1.86
2022-2023,Torino,Milan,3.8,3.28,2.07
2022-2023,Lazio,Salernitana,1.48,4.39,6.62
2022-2023,Cremonese,Udinese,3.85,3.67,1.92
2022-2023,Spezia,Fiorentina,4.16,3.54,1.88
2022-2023,Empoli,Atalanta,4.56,3.82,1.75
2022-2023,Inter,Sampdoria,1.21,6.71,13.67
2022-2023,Lecce,Juventus,3.82,3.22,2.08
2022-2023,Napoli,Sassuolo,1.26,6.27,9.81
2022-2023,Sassuolo,Verona,2.23,3.53,3.12
2022-2023,Cremonese,Sampdoria,2.18,3.27,3.48
2022-2023,Roma,Napoli,3.12,3.36,2.31
2022-2023,Atalanta,Lazio,2.01,3.54,3.67
2022-2023,Bologna,Lecce,2.19,3.12,3.64
2022-2023,Udinese,Torino,1.95,3.31,4.19
2022-2023,Fiorentina,Inter,3.3,3.39,2.2
2022-2023,Milan,Monza,1.45,4.46,7.22
2022-2023,Salernitana,Spezia,2.14,3.32,3.54
2022-2023,Sassuolo,Inter,4.2,4.06,1.76
2022-2023,Verona,Udinese,3.42,3.43,2.13
2022-2023,Juventus,Bologna,1.5,4.16,6.89
2022-2023,Atalanta,Fiorentina,2.08,3.4,3.6
2022-2023,Lecce,Cremonese,2.04,3.37,3.76
2022-2023,Sampdoria,Monza,2.46,3.18,3.0
2022-2023,Sassuolo,Salernitana,2.07,3.58,3.46
2022-2023,Lazio,Spezia,1.42,4.91,6.93
2022-2023,Empoli,Milan,5.58,4.16,1.58
2022-2023,Inter,Roma,2.07,3.43,3.64
2022-2023,Napoli,Torino,1.61,3.88,5.63
2022-2023,Milan,Napoli,2.3,3.18,3.32
2022-2023,Roma,Atalanta,2.13,3.41,3.48
2022-2023,Cremonese,Lazio,4.0,3.74,1.86
2022-2023,Fiorentina,Verona,1.84,3.61,4.33
2022-2023,Monza,Juventus,4.16,3.77,1.81
2022-2023,Udinese,Inter,3.7,3.63,1.98
2022-2023,Torino,Sassuolo,1.83,3.53,4.51
2022-2023,Spezia,Sampdoria,2.63,3.15,2.83
2022-2023,Bologna,Empoli,2.14,3.43,3.41
2022-2023,Salernitana,Lecce,2.21,3.25,3.39
2022-2023,Empoli,Roma,4.97,3.79,1.7
2022-2023,Juventus,Salernitana,1.51,4.09,6.7
2022-2023,Lazio,Verona,1.62,4.17,5.16
2022-2023,Bologna,Fiorentina,3.33,3.32,2.22
2022-2023,Lecce,Monza,2.49,3.21,2.95
2022-2023,Sassuolo,Udinese,2.67,3.42,2.61
2022-2023,Atalanta,Cremonese,1.36,5.18,8.07
2022-2023,Sampdoria,Milan,6.62,4.35,1.49
2022-2023,Inter,Torino,1.54,4.34,5.81
2022-2023,Sassuolo,Milan,5.07,4.16,1.63
2022-2023,Fiorentina,Napoli,3.26,3.52,2.17
2022-2023,Lecce,Empoli,2.25,3.33,3.22
2022-2023,Salernitana,Sampdoria,2.44,3.12,3.08
2022-2023,Verona,Atalanta,3.85,3.84,1.88
2022-2023,Milan,Bologna,1.33,5.43,8.44
2022-2023,Spezia,Sassuolo,3.13,3.51,2.22
2022-2023,Cremonese,Torino,3.57,3.34,2.11
2022-2023,Juventus,Roma,2.48,3.06,3.11
2022-2023,Lazio,Inter,4.02,3.73,1.85
2022-2023,Monza,Udinese,3.02,3.43,2.32
2022-2023,Sampdoria,Juventus,5.31,3.82,1.65
2022-2023,Roma,Cremonese,1.23,6.39,11.53
2022-2023,Atalanta,Milan,2.84,3.45,2.42
2022-2023,Bologna,Verona,2.08,3.39,3.59
2022-2023,Empoli,Fiorentina,3.2,3.61,2.15
2022-2023,Napoli,Monza,1.29,5.9,9.48
2022-2023,Inter,Spezia,1.14,8.39,17.56
2022-2023,Sassuolo,Lecce,1.82,3.97,3.91
2022-2023,Torino,Lazio,2.86,3.3,2.49
2022-2023,Udinese,Salernitana,1.67,3.95,4.96
2022-2023,Juventus,Sassuolo,1.49,4.66,6.02
2022-2023,Verona,Napoli,3.72,3.55,1.98
2022-2023,Salernitana,Roma,6.76,4.52,1.46
2022-2023,Spezia,Empoli,2.43,3.34,2.9
2022-2023,Fiorentina,Cremonese,1.58,4.27,5.37
2022-2023,Lazio,Bologna,1.68,3.98,4.81
2022-2023,Lecce,Inter,8.64,5.38,1.33
2022-2023,Monza,Torino,2.58,3.12,2.9
2022-2023,Milan,Udinese,1.46,4.59,6.66
2021-2022,Salernitana,Udinese,1.85,3.84,3.86
2021-2022,Venezia,Cagliari,5.31,4.0,1.61
2021-2022,Inter,Sampdoria,1.13,8.83,17.17
2021-2022,Sassuolo,Milan,6.57,4.83,1.44
2021-2022,Spezia,Napoli,4.48,4.09,1.69
2021-2022,Atalanta,Empoli,1.19,7.58,11.65
2021-2022,Fiorentina,Juventus,1.81,3.79,4.14
2021-2022,Lazio,Verona,1.89,3.66,3.84
2021-2022,Genoa,Bologna,1.84,3.83,3.9
2021-2022,Torino,Roma,3.55,3.58,2.02
2021-2022,Juventus,Lazio,2.08,3.51,3.44
2021-2022,Sampdoria,Fiorentina,5.8,4.28,1.54
2021-2022,Cagliari,Inter,7.35,5.46,1.35
2021-2022,Milan,Atalanta,1.86,3.66,4.06
2021-2022,Napoli,Genoa,1.67,4.39,4.36
2021-2022,Bologna,Sassuolo,2.35,3.77,2.71
2021-2022,Roma,Venezia,1.24,6.19,10.78
2021-2022,Udinese,Spezia,1.64,3.93,5.1
2021-2022,Verona,Torino,1.96,3.42,3.89
2021-2022,Empoli,Salernitana,2.92,3.59,2.27
2021-2022,Fiorentina,Roma,2.66,3.29,2.68
2021-2022,Verona,Milan,4.99,3.86,1.67
2021-2022,Salernitana,Cagliari,2.38,3.06,3.23
2021-2022,Venezia,Bologna,3.13,3.51,2.22
2021-2022,Spezia,Atalanta,6.39,4.79,1.45
2021-2022,Lazio,Sampdoria,1.44,4.66,6.98
2021-2022,Sassuolo,Udinese,2.42,3.64,2.74
2021-2022,Torino,Napoli,3.47,3.49,2.09
2021-2022,Genoa,Juventus,3.63,3.33,2.1
2021-2022,Inter,Empoli,1.13,8.98,17.19
2021-2022,Verona,Sampdoria,1.66,3.88,5.14
2021-2022,Inter,Roma,1.64,3.96,5.23
2021-2022,Torino,Spezia,1.64,3.74,5.66
2021-2022,Venezia,Atalanta,6.86,4.74,1.44
2021-2022,Udinese,Salernitana,1.65,3.92,5.22
2021-2022,Atalanta,Verona,1.63,4.03,5.18
2021-2022,Napoli,Roma,2.02,3.48,3.7
2021-2022,Lazio,Torino,1.64,3.89,5.44
2021-2022,Juventus,Bologna,1.34,5.04,9.03
2021-2022,Fiorentina,Venezia,1.36,5.02,8.63
2021-2022,Sampdoria,Salernitana,1.76,3.59,4.78
2021-2022,Udinese,Empoli,1.6,4.09,5.54
2021-2022,Cagliari,Sassuolo,2.56,3.48,2.66
2021-2022,Milan,Genoa,1.36,4.91,8.91
2021-2022,Spezia,Inter,10.32,5.45,1.29
2021-2022,Bologna,Sampdoria,2.33,3.19,3.22
2021-2022,Torino,Milan,4.56,3.56,1.82
2021-2022,Roma,Salernitana,1.34,5.19,8.85
2021-2022,Napoli,Fiorentina,1.77,3.71,4.55
2021-2022,Sassuolo,Atalanta,2.99,3.77,2.21
2021-2022,Venezia,Udinese,3.76,3.41,2.02
2021-2022,Genoa,Lazio,3.7,3.31,2.08
2021-2022,Cagliari,Juventus,6.38,3.83,1.58
2021-2022,Inter,Verona,1.42,4.83,7.21
2021-2022,Empoli,Spezia,1.89,3.43,4.34
2021-2022,Milan,Bologna,1.32,5.21,9.69
2021-2022,Verona,Genoa,1.82,3.44,4.69
2021-2022,Juventus,Inter,2.94,3.19,2.51
2021-2022,Sampdoria,Roma,4.58,3.75,1.77
2021-2022,Atalanta,Napoli,2.23,3.29,3.33
2021-2022,Fiorentina,Bologna,1.6,4.09,5.49
2021-2022,Milan,Empoli,1.35,5.24,8.33
2021-2022,Sampdoria,Juventus,5.31,3.67,1.69
2021-2022,Salernitana,Sassuolo,3.7,3.92,1.9
2021-2022,Spezia,Cagliari,2.78,3.05,2.72
2021-2022,Napoli,Milan,2.14,3.24,3.59
2021-2022,Juventus,Spezia,1.28,5.67,10.81
2021-2022,Bologna,Torino,2.84,3.07,2.66
2021-2022,Fiorentina,Verona,2.0,3.51,3.71
2021-2022,Venezia,Sassuolo,3.33,3.65,2.09
2021-2022,Genoa,Empoli,2.59,3.23,2.79
2021-2022,Cagliari,Lazio,3.84,3.39,2.01
2021-2022,Roma,Atalanta,2.59,3.24,2.79
2021-2022,Udinese,Sampdoria,1.77,3.64,4.7
2021-2022,Inter,Salernitana,1.13,8.59,20.43
2021-2022,Atalanta,Sampdoria,1.39,4.79,8.01
2021-2022,Lazio,Napoli,2.85,3.24,2.55
2021-2022,Spezia,Roma,4.89,3.71,1.73
2021-2022,Verona,Venezia,1.62,3.86,5.48
2021-2022,Torino,Cagliari,1.71,3.58,5.36
2021-2022,Sassuolo,Fiorentina,2.61,3.53,2.58
2021-2022,Empoli,Juventus,4.89,3.79,1.71
2021-2022,Salernitana,Bologna,3.34,3.33,2.21
2021-2022,Genoa,Inter,9.11,5.17,1.34
2021-2022,Milan,Udinese,1.49,4.17,7.18
2021-2022,Bologna,Spezia,1.88,3.48,4.27
2021-2022,Cagliari,Napoli,5.43,3.66,1.69
2021-2022,Udinese,Lazio,2.74,3.07,2.76
2021-2022,Inter,Sassuolo,1.27,6.13,9.49
2021-2022,Venezia,Genoa,2.51,3.11,3.01
2021-2022,Venezia,Napoli,7.55,4.4,1.45
2021-2022,Atalanta,Cagliari,1.22,6.56,12.53
2021-2022,Fiorentina,Lazio,2.36,3.35,3.02
2021-2022,Inter,Milan,1.88,3.58,4.14
2021-2022,Roma,Genoa,1.36,5.0,8.47
2021-2022,Milan,Juventus,2.7,3.12,2.76
2021-2022,Empoli,Roma,3.8,3.98,1.86
2021-2022,Napoli,Salernitana,1.12,8.53,21.84
2021-2022,Spezia,Sampdoria,2.59,3.15,2.84
2021-2022,Torino,Sassuolo,1.95,3.58,3.82
2021-2022,Cagliari,Fiorentina,6.35,4.29,1.51
2021-2022,Lazio,Atalanta,2.3,3.51,2.99
2021-2022,Inter,Venezia,1.1,9.84,22.88
2021-2022,Genoa,Udinese,3.51,3.21,2.18
2021-2022,Verona,Bologna,1.81,3.64,4.35
2021-2022,Fiorentina,Genoa,1.4,4.69,7.96
2021-2022,Milan,Spezia,1.28,5.79,10.06
2021-2022,Bologna,Napoli,4.33,3.56,1.85
2021-2022,Atalanta,Inter,3.1,3.49,2.25
2021-2022,Roma,Cagliari,1.35,5.22,8.47
2021-2022,Venezia,Empoli,2.81,3.49,2.43
2021-2022,Sassuolo,Verona,2.42,3.39,2.89
2021-2022,Juventus,Udinese,1.42,4.5,7.89
2021-2022,Salernitana,Lazio,9.53,5.44,1.3
2021-2022,Sampdoria,Torino,3.55,3.34,2.12
2021-2022,Cagliari,Bologna,2.9,3.29,2.45
2021-2022,Torino,Fiorentina,2.96,3.3,2.42
2021-2022,Inter,Lazio,1.35,5.13,8.31
2021-2022,Verona,Salernitana,1.33,5.33,8.94
2021-2022,Roma,Juventus,3.0,3.18,2.46
2021-2022,Milan,Napoli,2.09,3.44,3.52
2021-2022,Sampdoria,Venezia,1.76,3.68,4.69
2021-2022,Torino,Verona,2.22,3.28,3.37
2021-2022,Spezia,Empoli,2.64,3.49,2.58
2021-2022,Fiorentina,Sassuolo,1.89,3.61,4.02
2021-2022,Cagliari,Udinese,3.07,3.22,2.39
2021-2022,Bologna,Juventus,4.13,3.46,1.91
2021-2022,Atalanta,Roma,1.72,4.01,4.45
2021-2022,Salernitana,Inter,17.56,8.11,1.14
2021-2022,Lazio,Genoa,1.58,3.89,6.08
2021-2022,Roma,Spezia,1.37,5.03,7.89
2021-2022,Inter,Cagliari,1.16,7.81,17.19
2021-2022,Napoli,Empoli,1.38,5.02,7.88
2021-2022,Sassuolo,Lazio,2.43,3.48,2.88
2021-2022,Verona,Atalanta,3.61,3.69,1.99
2021-2022,Torino,Bologna,2.13,3.31,3.54
2021-2022,Udinese,Milan,4.34,3.51,1.86
2021-2022,Venezia,Juventus,8.2,4.54,1.41
2021-2022,Fiorentina,Salernitana,1.28,5.73,10.54
2021-2022,Genoa,Sampdoria,3.42,3.11,2.3
2021-2022,Cagliari,Torino,3.17,3.16,2.38
2021-2022,Empoli,Udinese,2.36,3.38,3.0
2021-2022,Juventus,Genoa,1.2,6.38,15.56
2021-2022,Sampdoria,Lazio,3.26,3.49,2.17
2021-2022,Spezia,Sassuolo,3.01,3.48,2.32
2021-2022,Venezia,Verona,3.79,3.41,2.01
2021-2022,Bologna,Fiorentina,2.92,3.18,2.55
2021-2022,Napoli,Atalanta,2.72,3.37,2.59
2021-2022,Roma,Inter,3.83,3.61,1.95
2021-2022,Milan,Salernitana,1.22,6.42,13.23
2021-2022,Torino,Udinese,2.09,3.21,3.83
2021-2022,Verona,Empoli,1.74,3.79,4.74
2021-2022,Genoa,Roma,4.44,4.0,1.73
2021-2022,Inter,Napoli,2.22,3.37,3.32
2021-2022,Bologna,Venezia,1.66,3.8,5.36
2021-2022,Salernitana,Sampdoria,2.89,3.21,2.53
2021-2022,Sassuolo,Cagliari,1.59,4.27,5.37
2021-2022,Fiorentina,Milan,2.93,3.26,2.47
2021-2022,Lazio,Juventus,2.95,3.19,2.51
2021-2022,Atalanta,Spezia,1.25,6.36,10.44
2021-2022,Milan,Inter,3.46,3.48,2.12
2021-2022,Lazio,Salernitana,1.3,5.66,9.74
2021-2022,Napoli,Verona,1.43,4.78,7.17
2021-2022,Sampdoria,Bologna,2.69,3.26,2.67
2021-2022,Udinese,Sassuolo,2.23,3.44,3.23
2021-2022,Venezia,Roma,5.33,3.86,1.65
2021-2022,Cagliari,Atalanta,5.94,4.5,1.52
2021-2022,Juventus,Fiorentina,1.65,3.75,5.6
2021-2022,Spezia,Torino,3.43,3.42,2.13
2021-2022,Empoli,Genoa,2.15,3.49,3.32
2021-2022,Bologna,Cagliari,1.68,3.89,5.15
2021-2022,Roma,Milan,2.33,3.45,3.02
2021-2022,Salernitana,Napoli,10.19,5.46,1.3
2021-2022,Fiorentina,Spezia,1.63,4.11,5.19
2021-2022,Genoa,Venezia,1.99,3.47,3.85
2021-2022,Sassuolo,Empoli,1.69,4.24,4.47
2021-2022,Inter,Udinese,1.35,5.06,9.07
2021-2022,Torino,Sampdoria,1.82,3.62,4.41
2021-2022,Verona,Juventus,4.4,3.61,1.82
2021-2022,Atalanta,Lazio,1.96,3.87,3.55
2021-2022,Venezia,Fiorentina,4.05,3.49,1.93
2021-2022,Juventus,Roma,1.9,3.59,4.06
2021-2022,Napoli,Torino,1.36,5.06,8.39
2021-2022,Empoli,Atalanta,5.11,4.19,1.62
2021-2022,Genoa,Sassuolo,3.08,3.43,2.3
2021-2022,Udinese,Bologna,2.22,3.35,3.33
2021-2022,Cagliari,Sampdoria,2.45,3.32,2.91
2021-2022,Milan,Verona,1.56,4.19,5.81
2021-2022,Lazio,Inter,3.21,3.34,2.28
2021-2022,Spezia,Salernitana,2.1,3.34,3.64
2021-2022,Atalanta,Milan,2.14,3.49,3.38
2021-2022,Roma,Empoli,1.37,5.36,7.32
2021-2022,Fiorentina,Napoli,3.82,3.55,1.96
2021-2022,Sampdoria,Udinese,2.2,3.23,3.47
2021-2022,Verona,Spezia,1.57,4.27,5.54
2021-2022,Bologna,Lazio,3.09,3.42,2.3
2021-2022,Sassuolo,Inter,4.76,4.36,1.64
2021-2022,Torino,Juventus,4.36,3.32,1.92
2021-2022,Salernitana,Genoa,2.73,3.13,2.73
2021-2022,Cagliari,Venezia,1.79,3.58,4.68
2021-2022,Venezia,Torino,3.52,3.26,2.18
2021-2022,Napoli,Cagliari,1.24,6.4,11.73
2021-2022,Lazio,Roma,2.44,3.34,2.95
2021-2022,Empoli,Bologna,2.68,3.47,2.56
2021-2022,Sassuolo,Salernitana,1.38,5.02,7.83
2021-2022,Udinese,Fiorentina,2.96,3.19,2.5
2021-2022,Juventus,Sampdoria,1.35,5.23,8.19
2021-2022,Genoa,Verona,2.66,3.21,2.74
2021-2022,Inter,Atalanta,1.91,3.74,3.83
2021-2022,Spezia,Milan,5.8,4.13,1.57
2021-2022,Bologna,Verona,2.18,3.47,3.3
2021-2022,Roma,Sassuolo,1.6,4.41,5.04
2021-2022,Milan,Lazio,2.28,3.39,3.16
2021-2022,Cagliari,Genoa,2.04,3.41,3.72
2021-2022,Spezia,Udinese,3.33,3.41,2.19
2021-2022,Torino,Salernitana,1.69,3.79,5.11
2021-2022,Sampdoria,Inter,5.19,4.04,1.64
2021-2022,Atalanta,Fiorentina,1.6,4.1,5.47
2021-2022,Napoli,Juventus,2.15,3.45,3.38
2021-2022,Empoli,Venezia,1.68,3.99,4.84
2021-2022,Milan,Cagliari,1.48,4.4,6.64
2021-2022,Salernitana,Roma,7.06,4.43,1.46
2021-2022,Genoa,Napoli,5.64,4.0,1.6
2021-2022,Sassuolo,Sampdoria,2.11,3.54,3.4
2021-2022,Fiorentina,Torino,1.91,3.66,3.9
2021-2022,Juventus,Empoli,1.25,6.09,11.68
2021-2022,Atalanta,Bologna,1.3,5.82,9.03
2021-2022,Lazio,Spezia,1.31,5.43,9.34
2021-2022,Verona,Inter,5.45,4.22,1.59
2021-2022,Udinese,Venezia,1.75,3.59,4.94
2021-2022,Sampdoria,Milan,3.59,3.42,2.08
2021-2022,Cagliari,Spezia,1.82,3.58,4.54
2021-2022,Roma,Fiorentina,1.62,4.18,5.12
2021-2022,Napoli,Venezia,1.23,6.44,12.46
2021-2022,Bologna,Salernitana,1.54,4.32,6.01
2021-2022,Udinese,Juventus,6.83,4.06,1.52
2021-2022,Empoli,Lazio,3.94,3.74,1.89
2021-2022,Torino,Atalanta,6.03,4.43,1.51
2021-2022,Inter,Genoa,1.29,5.46,10.78
2021-2022,Verona,Sassuolo,2.56,3.41,2.72
2020-2021,Atalanta,Milan,2.33,3.96,2.64
2020-2021,Bologna,Juventus,10.03,6.13,1.25
2020-2021,Napoli,Verona,1.23,6.52,10.42
2020-2021,Sassuolo,Lazio,1.72,4.43,3.95
2020-2021,Spezia,Roma,4.9,4.57,1.56
2020-2021,Torino,Benevento,1.63,4.39,4.58
2020-2021,Inter,Udinese,1.44,4.77,6.4
2020-2021,Cagliari,Genoa,1.84,3.8,3.89
2020-2021,Crotone,Fiorentina,3.59,4.03,1.84
2020-2021,Sampdoria,Parma,1.67,4.35,4.14
2020-2021,Lazio,Torino,2.27,3.15,3.29
2020-2021,Verona,Bologna,2.11,3.64,3.24
2020-2021,Milan,Cagliari,1.29,5.76,9.49
2020-2021,Parma,Sassuolo,6.47,4.87,1.44
2020-2021,Benevento,Crotone,1.38,5.27,6.95
2020-2021,Udinese,Sampdoria,2.37,3.41,2.95
2020-2021,Fiorentina,Napoli,6.64,4.91,1.42
2020-2021,Roma,Lazio,3.34,3.86,2.02
2020-2021,Juventus,Inter,2.11,3.64,3.28
2020-2021,Genoa,Atalanta,14.5,7.72,1.16
2020-2021,Spezia,Torino,3.19,2.91,2.5
2020-2021,Crotone,Verona,4.04,3.91,1.82
2020-2021,Atalanta,Benevento,1.15,7.98,15.66
2020-2021,Bologna,Genoa,2.19,3.26,3.4
2020-2021,Inter,Roma,1.63,4.33,4.76
2020-2021,Lazio,Parma,1.25,6.13,10.59
2020-2021,Sampdoria,Spezia,2.52,3.45,2.71
2020-2021,Sassuolo,Juventus,4.64,4.38,1.64
2020-2021,Torino,Milan,4.65,4.02,1.7
2020-2021,Cagliari,Fiorentina,2.32,3.01,3.35
2020-2021,Verona,Spezia,2.07,3.47,3.58
2020-2021,Lazio,Milan,2.27,3.49,3.06
2020-2021,Torino,Napoli,3.69,3.76,1.93
2020-2021,Atalanta,Bologna,1.23,6.56,11.79
2020-2021,Cagliari,Roma,3.22,3.64,2.14
2020-2021,Fiorentina,Juventus,5.44,3.94,1.63
2020-2021,Inter,Verona,1.3,5.41,10.39
2020-2021,Benevento,Udinese,3.26,3.24,2.29
2020-2021,Sassuolo,Sampdoria,1.96,3.76,3.65
2020-2021,Parma,Crotone,1.92,3.63,3.92
2020-2021,Genoa,Spezia,2.4,3.0,3.29
2020-2021,Napoli,Lazio,2.07,3.61,3.45
2020-2021,Roma,Atalanta,4.28,4.11,1.73
2020-2021,Bologna,Torino,2.49,3.24,2.92
2020-2021,Crotone,Sampdoria,3.12,3.56,2.22
2020-2021,Genoa,Benevento,2.05,3.19,3.97
2020-2021,Juventus,Parma,1.25,6.14,11.5
2020-2021,Spezia,Inter,9.3,5.54,1.3
2020-2021,Udinese,Cagliari,2.29,3.24,3.29
2020-2021,Milan,Sassuolo,1.89,3.71,3.98
2020-2021,Verona,Fiorentina,2.61,3.17,2.83
2020-2021,Napoli,Inter,2.99,3.34,2.39
2020-2021,Torino,Roma,2.91,3.44,2.39
2020-2021,Atalanta,Juventus,2.3,3.49,3.03
2020-2021,Bologna,Spezia,1.92,3.75,3.79
2020-2021,Lazio,Benevento,1.33,5.27,9.06
2020-2021,Milan,Genoa,1.42,4.69,7.54
2020-2021,Cagliari,Parma,2.28,3.42,3.1
2020-2021,Sassuolo,Fiorentina,2.6,3.19,2.82
2020-2021,Crotone,Udinese,3.67,3.54,2.01
2020-2021,Atalanta,Udinese,1.43,4.43,7.6
2020-2021,Cagliari,Verona,2.73,3.21,2.66
2020-2021,Milan,Sampdoria,1.49,4.43,6.58
2020-2021,Roma,Napoli,2.57,3.33,2.79
2020-2021,Fiorentina,Milan,3.71,3.46,2.03
2020-2021,Juventus,Benevento,1.16,7.84,16.39
2020-2021,Sampdoria,Torino,2.54,3.25,2.85
2020-2021,Udinese,Lazio,3.83,3.32,2.04
2020-2021,Verona,Atalanta,4.81,3.84,1.71
2020-2021,Spezia,Cagliari,2.75,3.11,2.74
2020-2021,Crotone,Bologna,4.27,3.8,1.81
2020-2021,Parma,Genoa,2.49,3.1,3.06
2020-2021,Torino,Sassuolo,2.53,3.32,2.8
2020-2021,Milan,Napoli,2.85,3.3,2.53
2020-2021,Cagliari,Juventus,6.77,4.54,1.46
2020-2021,Parma,Roma,5.59,4.17,1.58
2020-2021,Torino,Inter,9.36,5.24,1.33
2020-2021,Bologna,Sampdoria,2.24,3.35,3.26
2020-2021,Genoa,Udinese,3.37,2.94,2.4
2020-2021,Benevento,Fiorentina,3.61,3.25,2.14
2020-2021,Sassuolo,Verona,2.46,3.23,2.97
2020-2021,Atalanta,Spezia,1.29,5.81,9.71
2020-2021,Lazio,Crotone,1.27,5.87,10.39
2020-2021,Inter,Atalanta,2.01,3.49,3.75
2020-2021,Napoli,Bologna,1.49,4.4,6.43
2020-2021,Sampdoria,Cagliari,2.17,3.34,3.42
2020-2021,Crotone,Torino,3.33,3.31,2.22
2020-2021,Fiorentina,Parma,1.96,3.31,4.16
2020-2021,Verona,Milan,2.95,3.2,2.5
2020-2021,Roma,Genoa,1.44,4.62,7.24
2020-2021,Spezia,Parma,2.34,3.21,3.18
2020-2021,Juventus,Crotone,1.15,7.92,17.36
2020-2021,Benevento,Roma,5.98,4.5,1.51
2020-2021,Atalanta,Napoli,1.73,3.9,4.64
2020-2021,Milan,Inter,4.23,3.66,1.85
2020-2021,Parma,Udinese,3.68,3.21,2.14
2020-2021,Sassuolo,Bologna,2.3,3.45,3.06
2020-2021,Genoa,Verona,2.8,2.99,2.79
2020-2021,Lazio,Sampdoria,1.6,3.98,5.8
2020-2021,Cagliari,Torino,2.77,3.25,2.61
2020-2021,Fiorentina,Spezia,1.98,3.36,3.99
2020-2021,Verona,Parma,2.3,3.12,3.37
2020-2021,Inter,Lazio,1.67,3.9,5.14
2020-2021,Crotone,Sassuolo,3.77,3.61,1.97
2020-2021,Cagliari,Atalanta,6.47,4.58,1.47
2020-2021,Sampdoria,Fiorentina,2.84,3.18,2.59
2020-2021,Roma,Udinese,1.73,3.77,4.79
2020-2021,Spezia,Milan,6.16,4.42,1.51
2020-2021,Napoli,Juventus,3.45,3.36,2.16
2020-2021,Torino,Genoa,2.01,3.26,4.06
2020-2021,Bologna,Benevento,1.92,3.59,3.99
2020-2021,Lazio,Cagliari,1.43,4.81,6.81
2020-2021,Parma,Bologna,3.05,3.19,2.43
2020-2021,Milan,Crotone,1.21,6.66,13.49
2020-2021,Udinese,Verona,2.68,3.0,2.88
2020-2021,Benevento,Sampdoria,2.87,3.33,2.49
2020-2021,Genoa,Napoli,4.53,3.56,1.82
2020-2021,Juventus,Roma,1.64,4.06,5.13
2020-2021,Atalanta,Torino,1.45,4.65,6.77
2020-2021,Sassuolo,Spezia,1.8,3.66,4.43
2020-2021,Benevento,Torino,3.04,3.23,2.42
2020-2021,Udinese,Atalanta,3.77,3.52,1.99
2020-2021,Cagliari,Milan,5.43,3.95,1.62
2020-2021,Inter,Juventus,2.39,3.32,3.02
2020-2021,Atalanta,Genoa,1.2,6.96,13.46
2020-2021,Crotone,Benevento,2.64,3.31,2.69
2020-2021,Sassuolo,Parma,1.73,3.9,4.6
2020-2021,Napoli,Fiorentina,1.6,4.01,5.62
2020-2021,Sampdoria,Udinese,2.93,3.22,2.51
2020-2021,Torino,Spezia,1.99,3.36,3.95
2020-2021,Bologna,Verona,2.24,3.31,3.28
2020-2021,Lazio,Roma,2.95,3.41,2.39
2020-2021,Spezia,Sampdoria,3.23,3.34,2.23
2020-2021,Juventus,Sassuolo,1.37,5.26,7.74
2020-2021,Fiorentina,Cagliari,1.77,3.65,4.76
2020-2021,Parma,Lazio,5.01,3.94,1.66
2020-2021,Udinese,Napoli,4.19,3.36,1.94
2020-2021,Verona,Crotone,1.8,3.61,4.56
2020-2021,Roma,Inter,2.82,3.54,2.43
2020-2021,Milan,Torino,1.64,3.85,5.43
2020-2021,Genoa,Bologna,2.91,3.29,2.47
2020-2021,Benevento,Atalanta,7.43,4.94,1.39
2020-2021,Milan,Juventus,3.46,3.33,2.17
2020-2021,Napoli,Spezia,1.28,5.92,9.6
2020-2021,Atalanta,Parma,1.23,6.71,10.96
2020-2021,Bologna,Udinese,2.76,3.15,2.68
2020-2021,Crotone,Roma,5.82,4.2,1.55
2020-2021,Lazio,Fiorentina,1.81,3.57,4.5
2020-2021,Sampdoria,Inter,6.56,4.45,1.48
2020-2021,Sassuolo,Genoa,1.73,3.81,4.71
2020-2021,Juventus,Fiorentina,1.35,5.2,8.2
2020-2021,Crotone,Parma,2.73,3.27,2.62
2020-2021,Lazio,Napoli,3.45,3.4,2.14
2020-2021,Atalanta,Roma,2.33,3.49,2.96
2020-2021,Benevento,Genoa,1.99,3.5,3.79
2020-2021,Cagliari,Udinese,3.42,3.33,2.17
2020-2021,Inter,Spezia,1.2,6.96,13.29
2020-2021,Sassuolo,Milan,3.91,3.94,1.83
2020-2021,Torino,Bologna,2.54,3.41,2.73
2020-2021,Parma,Juventus,8.43,5.12,1.35
2020-2021,Sampdoria,Crotone,1.89,3.51,4.17
2020-2021,Fiorentina,Verona,2.38,3.2,3.12
2020-2021,Roma,Torino,1.29,5.97,8.93
2020-2021,Fiorentina,Sassuolo,2.4,3.44,2.9
2020-2021,Genoa,Milan,6.2,4.35,1.52
2020-2021,Inter,Napoli,2.22,3.26,3.38
2020-2021,Parma,Cagliari,2.38,3.42,2.95
2020-2021,Spezia,Bologna,2.9,3.42,2.41
2020-2021,Verona,Sampdoria,2.17,3.39,3.37
2020-2021,Juventus,Atalanta,1.82,3.79,4.18
2020-2021,Benevento,Lazio,4.24,3.74,1.81
2020-2021,Udinese,Crotone,1.67,3.74,5.33
2020-2021,Milan,Parma,1.32,5.38,9.26
2020-2021,Genoa,Juventus,10.79,5.47,1.28
2020-2021,Atalanta,Fiorentina,1.61,4.06,5.5
2020-2021,Bologna,Roma,3.86,4.03,1.83
2020-2021,Napoli,Sampdoria,1.37,5.08,7.86
2020-2021,Cagliari,Inter,8.16,5.26,1.35
2020-2021,Lazio,Verona,1.75,3.69,4.8
2020-2021,Torino,Udinese,2.75,3.14,2.71
2020-2021,Sassuolo,Inter,4.34,4.23,1.71
2020-2021,Napoli,Milan,2.1,3.42,3.51
2020-2021,Udinese,Genoa,1.83,3.62,4.41
2020-2021,Roma,Parma,1.4,5.13,6.83
2020-2021,Inter,Torino,1.28,6.09,9.2
2020-2021,Sampdoria,Bologna,2.58,3.38,2.72
2020-2021,Verona,Sassuolo,3.5,3.84,1.97
2020-2021,Fiorentina,Benevento,1.47,4.67,6.39
2020-2021,Juventus,Cagliari,1.24,6.3,11.13
2020-2021,Spezia,Atalanta,7.72,5.51,1.35
2020-2021,Crotone,Lazio,4.9,3.97,1.67
2020-2021,Milan,Verona,1.33,5.42,8.8
2020-2021,Bologna,Napoli,4.74,4.12,1.67
2020-2021,Atalanta,Inter,2.83,3.76,2.32
2020-2021,Genoa,Roma,5.32,4.42,1.57
2020-2021,Torino,Crotone,1.85,3.82,4.0
2020-2021,Lazio,Juventus,3.86,3.73,1.91
2020-2021,Parma,Fiorentina,3.47,3.54,2.07
2020-2021,Benevento,Spezia,2.1,3.57,3.37
2020-2021,Cagliari,Sampdoria,2.79,3.43,2.49
2020-2021,Sassuolo,Udinese,2.29,3.63,2.95
2020-2021,Genoa,Torino,2.7,3.23,2.69
2020-2021,Verona,Benevento,2.2,3.58,3.15
2020-2021,Sampdoria,Genoa,1.9,3.57,4.09
2020-2021,Roma,Fiorentina,1.72,4.13,4.37
2020-2021,Napoli,Sassuolo,1.4,5.07,7.13
2020-2021,Spezia,Juventus,7.58,4.79,1.4
2020-2021,Torino,Lazio,2.96,3.51,2.33
2020-2021,Udinese,Milan,4.15,3.53,1.89
2020-2021,Bologna,Cagliari,1.86,3.94,3.8
2020-2021,Sampdoria,Lazio,3.48,3.6,2.05
2020-2021,Napoli,Atalanta,2.3,3.59,2.95
2020-2021,Milan,Spezia,1.37,4.85,8.78
2020-2021,Benevento,Bologna,2.98,3.49,2.33
2020-2021,Lazio,Inter,3.0,3.68,2.25
2020-2021,Parma,Verona,2.34,3.23,3.18
2020-2021,Atalanta,Cagliari,1.27,6.21,9.68
2020-2021,Udinese,Roma,4.13,3.64,1.87
2020-2021,Sassuolo,Crotone,1.49,4.63,6.11
2020-2021,Fiorentina,Sampdoria,1.71,3.94,4.74
2020-2021,Lazio,Atalanta,2.63,3.64,2.54
2020-2021,Benevento,Inter,8.63,5.44,1.33
2020-2021,Udinese,Spezia,1.79,3.49,4.82
2020-2021,Bologna,Parma,1.93,3.68,3.8
2020-2021,Roma,Juventus,3.29,3.51,2.16
2020-2021,Crotone,Milan,5.47,4.08,1.61
2020-2021,Napoli,Genoa,1.23,6.21,12.4
2020-2021,Verona,Udinese,2.57,3.04,3.0
2020-2021,Spezia,Sassuolo,4.48,3.75,1.78
2020-2021,Inter,Fiorentina,1.53,4.29,6.04
2020-2021,Cagliari,Lazio,5.62,4.22,1.57
2020-2021,Sampdoria,Benevento,1.75,3.77,4.69
2020-2021,Torino,Atalanta,4.97,4.2,1.63
2020-2021,Milan,Bologna,1.48,4.59,6.39
2020-2021,Juventus,Sampdoria,1.43,4.48,7.76
2020-2021,Sassuolo,Cagliari,1.7,4.13,4.49
2020-2021,Genoa,Crotone,2.38,3.28,3.06
2020-2021,Parma,Napoli,6.43,4.54,1.48
2020-2021,Verona,Roma,4.42,3.82,1.79
2020-2021,Fiorentina,Torino,1.85,3.74,4.1
2019-2020,Bologna,Torino,1.81,4.15,3.85
2019-2020,Genoa,Verona,1.61,4.36,4.88
2019-2020,Lecce,Parma,1.53,4.91,5.02
2019-2020,Sassuolo,Udinese,1.8,4.25,3.87
2019-2020,Spal,Fiorentina,6.73,4.79,1.43
2019-2020,Milan,Cagliari,1.24,6.4,10.8
2019-2020,Atalanta,Inter,2.59,3.64,2.56
2019-2020,Juventus,Roma,2.27,3.76,2.89
2019-2020,Napoli,Lazio,2.07,3.81,3.26
2019-2020,Brescia,Sampdoria,3.74,3.91,1.88
2019-2020,Cagliari,Juventus,6.33,4.44,1.5
2019-2020,Fiorentina,Bologna,1.96,3.73,3.64
2019-2020,Torino,Roma,8.65,5.63,1.32
2019-2020,Lazio,Brescia,1.08,11.46,25.8
2019-2020,Sampdoria,Milan,8.0,5.11,1.37
2019-2020,Sassuolo,Genoa,2.2,3.53,3.19
2019-2020,Udinese,Lecce,2.32,3.69,2.88
2019-2020,Verona,Spal,1.54,4.36,5.75
2019-2020,Inter,Napoli,2.05,3.65,3.49
2019-2020,Parma,Atalanta,7.34,5.38,1.37
2019-2020,Juventus,Sampdoria,1.25,5.88,11.63
2019-2020,Roma,Fiorentina,1.52,4.48,5.84
2019-2020,Cagliari,Udinese,3.52,3.19,2.21
2019-2020,Spal,Torino,5.43,4.21,1.59
2019-2020,Verona,Lazio,3.82,3.64,1.93
2019-2020,Bologna,Lecce,2.13,3.79,3.13
2019-2020,Napoli,Sassuolo,1.59,4.29,5.25
2019-2020,Genoa,Inter,7.11,4.53,1.44
2019-2020,Brescia,Parma,4.63,4.11,1.69
2019-2020,Milan,Atalanta,3.02,3.78,2.2
2019-2020,Spal,Inter,12.6,6.5,1.22
2019-2020,Torino,Genoa,2.33,3.19,3.25
2019-2020,Roma,Verona,1.66,4.01,4.98
2019-2020,Lecce,Fiorentina,3.3,3.53,2.15
2019-2020,Sassuolo,Juventus,4.95,4.14,1.65
2019-2020,Udinese,Lazio,3.75,3.48,2.01
2019-2020,Milan,Parma,1.41,4.77,7.51
2019-2020,Bologna,Napoli,4.47,3.78,1.77
2019-2020,Sampdoria,Cagliari,1.81,3.64,4.4
2019-2020,Atalanta,Brescia,1.13,8.8,18.2
2019-2020,Inter,Torino,1.39,4.9,8.11
2019-2020,Napoli,Milan,2.21,3.42,3.27
2019-2020,Cagliari,Lecce,1.98,3.73,3.59
2019-2020,Fiorentina,Verona,2.1,3.41,3.56
2019-2020,Parma,Bologna,3.34,3.38,2.19
2019-2020,Udinese,Sampdoria,2.21,2.97,3.81
2019-2020,Genoa,Spal,1.74,3.82,4.67
2019-2020,Juventus,Atalanta,2.14,3.61,3.3
2019-2020,Brescia,Roma,5.43,4.58,1.54
2019-2020,Lazio,Sassuolo,1.52,4.62,5.64
2019-2020,Verona,Inter,5.58,4.25,1.58
2019-2020,Spal,Udinese,3.79,3.34,2.05
2019-2020,Roma,Parma,1.63,4.12,5.12
2019-2020,Atalanta,Sampdoria,1.29,5.98,9.0
2019-2020,Bologna,Sassuolo,2.32,3.55,2.94
2019-2020,Torino,Brescia,1.59,3.98,5.8
2019-2020,Fiorentina,Cagliari,1.73,3.75,4.83
2019-2020,Genoa,Napoli,5.21,3.93,1.66
2019-2020,Milan,Juventus,3.16,3.37,2.29
2019-2020,Lecce,Lazio,7.42,5.2,1.38
2019-2020,Parma,Inter,7.0,4.19,1.49
2019-2020,Napoli,Spal,1.3,5.49,10.23
2019-2020,Sampdoria,Bologna,2.79,3.24,2.62
2019-2020,Sassuolo,Verona,2.4,3.27,3.07
2019-2020,Udinese,Atalanta,6.05,4.14,1.56
2019-2020,Milan,Roma,2.47,3.31,2.93
2019-2020,Lazio,Fiorentina,1.77,3.74,4.57
2019-2020,Cagliari,Torino,2.42,3.22,3.05
2019-2020,Brescia,Genoa,3.5,3.48,2.09
2019-2020,Juventus,Lecce,1.12,8.96,21.0
2019-2020,Roma,Sampdoria,1.52,4.31,6.25
2019-2020,Atalanta,Lazio,2.23,3.64,3.05
2019-2020,Inter,Sassuolo,1.44,4.58,7.22
2019-2020,Genoa,Parma,2.21,3.23,3.47
2019-2020,Torino,Udinese,2.61,3.07,2.92
2019-2020,Spal,Cagliari,2.52,3.18,2.92
2019-2020,Verona,Napoli,4.38,3.41,1.89
2019-2020,Bologna,Juventus,6.09,4.0,1.58
2019-2020,Fiorentina,Brescia,1.35,4.95,9.32
2019-2020,Lecce,Milan,6.3,4.37,1.51
2019-2020,Inter,Sampdoria,1.35,4.95,9.05
2019-2020,Atalanta,Sassuolo,1.47,4.74,6.24
2019-2020,Verona,Cagliari,1.95,3.38,4.13
2019-2020,Torino,Parma,2.34,3.2,3.22
2019-2020,Sassuolo,Brescia,1.53,4.53,5.84
2019-2020,Juventus,Inter,2.13,3.29,3.66
2019-2020,Udinese,Fiorentina,2.86,3.09,2.66
2019-2020,Milan,Genoa,1.58,4.03,6.02
2019-2020,Sampdoria,Verona,2.58,3.18,2.84
2019-2020,Inter,Milan,2.05,3.32,3.84
2019-2020,Parma,Lazio,4.31,3.74,1.81
2019-2020,Brescia,Udinese,3.0,3.16,2.48
2019-2020,Genoa,Cagliari,2.32,3.33,3.12
2019-2020,Napoli,Lecce,1.22,6.48,12.4
2019-2020,Spal,Sassuolo,2.87,3.38,2.45
2019-2020,Verona,Juventus,5.92,3.73,1.63
2019-2020,Torino,Sampdoria,2.34,3.1,3.32
2019-2020,Fiorentina,Atalanta,3.81,3.73,1.91
2019-2020,Roma,Bologna,1.58,4.21,5.54
2019-2020,Lazio,Verona,1.44,4.5,7.47
2019-2020,Sampdoria,Napoli,3.9,3.36,2.01
2019-2020,Udinese,Inter,4.49,3.48,1.83
2019-2020,Lecce,Torino,3.02,3.37,2.36
2019-2020,Milan,Verona,1.75,3.67,4.82
2019-2020,Atalanta,Genoa,1.25,6.18,11.3
2019-2020,Lazio,Spal,1.24,6.04,12.1
2019-2020,Juventus,Fiorentina,1.33,5.12,9.36
2019-2020,Sassuolo,Roma,4.35,3.93,1.75
2019-2020,Cagliari,Parma,1.79,3.7,4.51
2019-2020,Bologna,Brescia,1.63,4.08,5.12
2019-2020,Napoli,Juventus,3.48,3.44,2.13
2019-2020,Roma,Lazio,2.85,3.53,2.4
2019-2020,Parma,Udinese,2.45,3.17,3.04
2019-2020,Sampdoria,Sassuolo,2.42,3.26,3.02
2019-2020,Verona,Lecce,1.57,4.12,5.69
2019-2020,Inter,Cagliari,1.31,5.21,10.2
2019-2020,Torino,Atalanta,4.98,3.87,1.69
2019-2020,Fiorentina,Genoa,1.77,3.56,4.88
2019-2020,Spal,Bologna,2.91,3.26,2.49
2019-2020,Cagliari,Milan,3.11,3.41,2.29
2019-2020,Napoli,Inter,2.59,3.43,2.71
2019-2020,Lecce,Udinese,3.15,3.39,2.28
2019-2020,Milan,Sampdoria,1.63,3.73,5.85
2019-2020,Atalanta,Parma,1.29,5.88,9.28
2019-2020,Juventus,Cagliari,1.26,6.0,10.78
2019-2020,Bologna,Fiorentina,2.58,3.4,2.71
2019-2020,Roma,Torino,1.51,4.26,6.41
2019-2020,Genoa,Sassuolo,2.26,3.39,3.19
2019-2020,Spal,Verona,2.51,3.15,2.97
2019-2020,Brescia,Lazio,4.68,3.96,1.7
2019-2020,Sassuolo,Napoli,4.94,4.27,1.63
2019-2020,Lecce,Bologna,3.3,3.62,2.11
2019-2020,Parma,Brescia,2.14,3.41,3.45
2019-2020,Atalanta,Milan,1.82,3.72,4.23
2019-2020,Torino,Spal,1.63,3.73,5.95
2019-2020,Inter,Genoa,1.46,4.33,7.35
2019-2020,Udinese,Cagliari,2.26,3.2,3.39
2019-2020,Fiorentina,Roma,3.25,3.46,2.19
2019-2020,Brescia,Sassuolo,2.54,3.48,2.7
2019-2020,Sampdoria,Juventus,6.92,4.44,1.47
2019-2020,Cagliari,Lazio,4.69,4.04,1.69
2019-2020,Fiorentina,Inter,3.59,3.45,2.07
2019-2020,Roma,Spal,1.33,5.21,9.34
2019-2020,Milan,Sassuolo,1.51,4.59,5.85
2019-2020,Bologna,Atalanta,3.53,3.75,1.99
2019-2020,Juventus,Udinese,1.24,6.06,12.3
2019-2020,Verona,Torino,2.69,3.04,2.85
2019-2020,Genoa,Sampdoria,2.65,3.04,2.88
2019-2020,Napoli,Parma,1.3,5.47,9.95
2019-2020,Brescia,Atalanta,6.75,4.6,1.46
2019-2020,Spal,Genoa,2.52,3.2,2.91
2019-2020,Lecce,Cagliari,3.18,3.43,2.23
2019-2020,Sampdoria,Udinese,2.0,3.26,4.12
2019-2020,Roma,Brescia,1.33,5.21,9.14
2019-2020,Sassuolo,Lazio,5.25,4.23,1.6
2019-2020,Verona,Fiorentina,3.51,3.24,2.19
2019-2020,Bologna,Parma,1.82,3.59,4.46
2019-2020,Torino,Inter,4.08,3.4,1.95
2019-2020,Milan,Napoli,2.98,3.36,2.4
2019-2020,Atalanta,Juventus,2.81,3.4,2.52
2019-2020,Juventus,Milan,1.41,4.6,8.14
2019-2020,Parma,Roma,4.91,3.93,1.68
2019-2020,Lazio,Lecce,1.2,6.98,13.0
2019-2020,Sampdoria,Atalanta,5.15,3.9,1.65
2019-2020,Udinese,Spal,2.01,3.2,4.15
2019-2020,Cagliari,Fiorentina,2.78,3.22,2.59
2019-2020,Napoli,Genoa,1.28,5.96,9.69
2019-2020,Inter,Verona,1.32,5.18,9.93
2019-2020,Brescia,Torino,2.88,3.2,2.55
2019-2020,Sassuolo,Bologna,2.69,3.37,2.6
2019-2020,Spal,Sampdoria,2.4,3.15,3.14
2019-2020,Milan,Lazio,3.29,3.43,2.19
2019-2020,Fiorentina,Parma,1.57,4.08,5.83
2019-2020,Genoa,Udinese,1.91,3.48,4.21
2019-2020,Lecce,Sassuolo,2.85,3.32,2.49
2019-2020,Verona,Brescia,2.13,3.23,3.7
2019-2020,Atalanta,Cagliari,1.32,5.62,9.0
2019-2020,Torino,Juventus,6.91,3.98,1.52
2019-2020,Bologna,Inter,3.83,3.58,1.97
2019-2020,Verona,Sassuolo,2.37,3.2,3.12
2019-2020,Brescia,Fiorentina,4.57,3.82,1.75
2019-2020,Milan,Lecce,1.43,4.52,7.43
2019-2020,Parma,Genoa,2.69,3.12,2.8
2019-2020,Cagliari,Spal,2.08,3.25,3.77
2019-2020,Sampdoria,Roma,3.55,3.4,2.11
2019-2020,Udinese,Torino,2.96,3.08,2.59
2019-2020,Sassuolo,Inter,5.46,3.73,1.66
2019-2020,Juventus,Bologna,1.35,4.97,9.07
2019-2020,Napoli,Verona,1.23,6.42,12.67
2019-2020,Lazio,Atalanta,2.22,3.58,3.14
2019-2020,Inter,Juventus,2.77,3.1,2.82
2019-2020,Torino,Napoli,3.83,3.7,1.92
2019-2020,Roma,Cagliari,1.37,4.95,8.38
2019-2020,Atalanta,Lecce,1.21,7.0,12.65
2019-2020,Bologna,Lazio,3.59,3.48,2.06
2019-2020,Fiorentina,Udinese,1.55,3.88,6.9
2019-2020,Genoa,Milan,3.0,3.22,2.45
2019-2020,Verona,Sampdoria,2.54,3.22,2.89
2019-2020,Spal,Parma,2.64,3.15,2.84
2019-2020,Parma,Torino,3.18,3.15,2.39
2019-2020,Milan,Fiorentina,2.38,3.1,3.26
2019-2020,Cagliari,Verona,2.19,3.23,3.47
2019-2020,Lazio,Genoa,1.35,5.22,8.06
2019-2020,Lecce,Roma,4.96,4.12,1.64
2019-2020,Udinese,Bologna,3.06,3.17,2.44
2019-2020,Napoli,Brescia,1.2,6.9,13.1
2019-2020,Sassuolo,Atalanta,4.13,4.0,1.75
2019-2020,Sampdoria,Inter,5.1,3.7,1.7
2019-2020,Juventus,Spal,1.19,6.55,16.0
2019-2020,Torino,Lecce,1.42,4.43,7.83
2019-2020,Verona,Milan,4.97,3.43,1.77
2019-2020,Roma,Sassuolo,1.53,4.37,5.77
2019-2020,Brescia,Bologna,3.59,3.35,2.1
2019-2020,Parma,Cagliari,2.17,3.18,3.62
2019-2020,Spal,Lazio,5.85,4.0,1.59
2019-2020,Genoa,Atalanta,3.46,3.6,2.09
2019-2020,Inter,Udinese,1.34,5.0,9.53
2019-2020,Napoli,Sampdoria,1.29,5.88,9.5
2019-2020,Fiorentina,Juventus,4.64,3.55,1.81
2019-2020,Atalanta,Torino,1.57,4.05,5.63
2019-2020,Cagliari,Inter,5.55,4.0,1.59
2019-2020,Genoa,Fiorentina,2.75,3.43,2.5
2019-2020,Lecce,Verona,1.98,3.45,3.93
2019-2020,Sassuolo,Sampdoria,2.24,3.45,3.18
2019-2020,Udinese,Parma,1.91,3.38,4.14
2019-2020,Lazio,Roma,2.01,3.6,3.58
2019-2020,Juventus,Napoli,2.01,3.35,3.95
2019-2020,Milan,Brescia,1.55,3.83,6.75
2019-2020,Bologna,Spal,1.77,3.53,4.78
2019-2020,Inter,Lecce,1.24,5.8,12.75
2019-2020,Roma,Genoa,1.67,3.75,5.3
2019-2020,Cagliari,Brescia,1.8,3.55,4.63
2019-2020,Sampdoria,Lazio,3.63,3.38,2.07
2019-2020,Spal,Atalanta,4.95,3.72,1.71
2019-2020,Torino,Sassuolo,1.85,3.53,4.37
2019-2020,Verona,Bologna,3.9,3.33,2.04
2019-2020,Udinese,Milan,3.93,3.38,2.0
2019-2020,Fiorentina,Napoli,4.27,3.63,1.85
2019-2020,Parma,Juventus,9.0,5.0,1.34
2018-2019,Roma,Parma,1.14,9.0,15.0
2018-2019,Atalanta,Sassuolo,1.25,6.0,10.0
2018-2019,Cagliari,Udinese,1.85,3.75,4.0
2018-2019,Fiorentina,Genoa,2.25,2.75,4.0
2018-2019,Inter,Empoli,1.25,6.5,10.0
2018-2019,Spal,Milan,5.0,4.33,1.57
2018-2019,Sampdoria,Juventus,3.0,3.5,2.3
2018-2019,Torino,Lazio,2.25,3.6,3.0
2018-2019,Bologna,Napoli,3.0,3.8,2.2
2018-2019,Frosinone,Chievo,2.0,3.75,3.4
2018-2019,Lazio,Bologna,2.5,2.85,3.33
2018-2019,Juventus,Atalanta,2.24,3.2,3.43
2018-2019,Napoli,Inter,2.4,3.25,3.03
2018-2019,Milan,Frosinone,1.15,8.0,16.0
2018-2019,Empoli,Torino,3.08,3.68,2.19
2018-2019,Parma,Fiorentina,3.73,3.05,2.19
2018-2019,Chievo,Sampdoria,3.8,3.95,1.86
2018-2019,Sassuolo,Roma,4.73,4.4,1.63
2018-2019,Genoa,Cagliari,1.55,3.93,6.38
2018-2019,Udinese,Spal,1.58,4.0,6.0
2018-2019,Inter,Chievo,1.12,8.0,21.0
2018-2019,Bologna,Parma,1.7,3.25,6.0
2018-2019,Roma,Juventus,2.6,3.5,2.62
2018-2019,Spal,Napoli,5.0,4.2,1.65
2018-2019,Frosinone,Udinese,3.6,3.4,2.1
2018-2019,Sampdoria,Empoli,2.15,3.8,3.1
2018-2019,Torino,Sassuolo,1.55,4.2,6.0
2018-2019,Fiorentina,Milan,2.8,3.4,2.45
2018-2019,Cagliari,Lazio,4.5,3.8,1.75
2018-2019,Atalanta,Genoa,1.6,3.8,6.5
2018-2019,Napoli,Atalanta,2.12,3.63,3.28
2018-2019,Inter,Roma,1.82,3.75,4.27
2018-2019,Juventus,Fiorentina,1.46,4.2,7.5
2018-2019,Bologna,Sampdoria,2.22,3.33,3.35
2018-2019,Cagliari,Frosinone,1.91,3.43,4.3
2018-2019,Empoli,Spal,2.22,3.25,3.4
2018-2019,Genoa,Torino,2.93,2.98,2.65
2018-2019,Lazio,Chievo,1.17,7.25,17.5
2018-2019,Udinese,Sassuolo,2.29,3.2,3.33
2018-2019,Parma,Milan,5.55,3.8,1.65
2018-2019,Lazio,Udinese,1.33,5.1,9.5
2018-2019,Atalanta,Empoli,1.33,5.23,9.5
2018-2019,Frosinone,Inter,7.75,4.23,1.46
2018-2019,Chievo,Napoli,9.75,5.18,1.32
2018-2019,Fiorentina,Bologna,2.01,3.4,3.85
2018-2019,Sampdoria,Genoa,2.32,3.15,3.3
2018-2019,Sassuolo,Parma,1.68,3.6,5.53
2018-2019,Torino,Cagliari,1.71,3.55,5.25
2018-2019,Milan,Lazio,2.63,3.35,2.64
2018-2019,Roma,Udinese,1.6,3.98,5.78
2018-2019,Spal,Juventus,3.6,2.9,2.33
2018-2019,Bologna,Chievo,1.42,4.2,8.25
2018-2019,Napoli,Genoa,1.28,5.38,12.0
2018-2019,Inter,Atalanta,2.07,3.53,3.53
2018-2019,Lazio,Sassuolo,1.38,4.73,8.5
2018-2019,Cagliari,Spal,2.14,3.03,4.0
2018-2019,Udinese,Empoli,2.4,3.23,3.1
2018-2019,Fiorentina,Frosinone,1.41,4.45,8.25
2018-2019,Sampdoria,Roma,2.63,3.48,2.63
2018-2019,Juventus,Milan,1.9,3.2,4.78
2018-2019,Chievo,Cagliari,2.53,3.03,3.03
2018-2019,Milan,Inter,2.62,2.98,3.0
2018-2019,Napoli,Udinese,1.21,6.63,15.0
2018-2019,Atalanta,Chievo,1.21,6.55,14.5
2018-2019,Empoli,Frosinone,1.78,3.5,4.8
2018-2019,Lazio,Parma,1.26,5.75,11.25
2018-2019,Genoa,Juventus,5.3,3.5,1.73
2018-2019,Torino,Bologna,2.07,3.08,4.05
2018-2019,Spal,Roma,3.83,3.38,2.05
2018-2019,Sassuolo,Sampdoria,2.34,3.23,3.18
2018-2019,Cagliari,Fiorentina,3.15,3.3,2.3
2018-2019,Roma,Empoli,1.53,4.37,5.78
2018-2019,Fiorentina,Lazio,2.93,3.4,2.38
2018-2019,Sassuolo,Napoli,6.38,3.98,1.55
2018-2019,Frosinone,Torino,4.05,3.03,2.11
2018-2019,Inter,Spal,1.4,4.25,9.75
2018-2019,Sampdoria,Atalanta,3.85,3.58,1.97
2018-2019,Bologna,Cagliari,1.94,3.22,4.31
2018-2019,Chievo,Milan,5.43,3.55,1.7
2018-2019,Parma,Genoa,2.89,2.95,2.69
2018-2019,Juventus,Udinese,1.4,4.4,8.75
2018-2019,Napoli,Juventus,2.53,3.08,2.98
2018-2019,Atalanta,Fiorentina,1.8,3.78,4.42
2018-2019,Genoa,Frosinone,1.76,3.4,5.4
2018-2019,Spal,Sampdoria,2.75,3.18,2.65
2018-2019,Udinese,Bologna,2.78,2.89,2.89
2018-2019,Torino,Chievo,1.56,3.78,6.88
2018-2019,Lazio,Roma,2.29,3.43,3.13
2018-2019,Milan,Sassuolo,1.58,3.98,6.15
2018-2019,Empoli,Parma,1.99,3.48,3.85
2018-2019,Milan,Cagliari,1.46,4.22,7.75
2018-2019,Sassuolo,Juventus,6.88,4.15,1.51
2018-2019,Atalanta,Spal,1.32,5.48,9.0
2018-2019,Sampdoria,Frosinone,1.52,4.0,7.13
2018-2019,Torino,Udinese,1.74,3.45,5.4
2018-2019,Bologna,Genoa,2.38,3.1,3.28
2018-2019,Parma,Inter,5.68,3.95,1.6
2018-2019,Fiorentina,Napoli,4.0,3.5,1.94
2018-2019,Chievo,Roma,5.63,4.31,1.54
2018-2019,Lazio,Empoli,1.39,4.83,8.0
2018-2019,Cagliari,Atalanta,5.38,4.37,1.57
2018-2019,Frosinone,Lazio,8.5,5.05,1.36
2018-2019,Roma,Milan,2.14,3.48,3.43
2018-2019,Inter,Bologna,1.41,4.45,8.75
2018-2019,Genoa,Sassuolo,2.37,3.3,3.03
2018-2019,Udinese,Fiorentina,3.8,3.28,2.06
2018-2019,Spal,Torino,3.4,2.91,2.42
2018-2019,Juventus,Parma,1.19,6.88,16.0
2018-2019,Napoli,Sampdoria,1.29,5.38,11.0
2018-2019,Empoli,Chievo,1.87,3.58,4.35
2018-2019,Empoli,Genoa,2.32,3.35,3.05
2018-2019,Lazio,Juventus,4.05,3.3,1.99
2018-2019,Torino,Inter,3.47,3.22,2.24
2018-2019,Atalanta,Roma,2.03,3.88,3.38
2018-2019,Bologna,Frosinone,1.67,3.55,5.65
2018-2019,Parma,Spal,2.29,3.0,3.53
2018-2019,Chievo,Fiorentina,4.95,3.48,1.77
2018-2019,Milan,Napoli,3.53,3.22,2.22
2018-2019,Sampdoria,Udinese,1.89,3.3,4.55
2018-2019,Sassuolo,Cagliari,2.0,3.43,3.9
2018-2019,Inter,Napoli,2.8,3.38,2.53
2018-2019,Roma,Sassuolo,1.52,4.2,6.3
2018-2019,Spal,Udinese,2.29,3.08,3.45
2018-2019,Torino,Empoli,1.71,3.75,4.93
2018-2019,Atalanta,Juventus,4.68,3.4,1.85
2018-2019,Bologna,Lazio,4.95,3.68,1.75
2018-2019,Cagliari,Genoa,2.32,3.35,3.13
2018-2019,Fiorentina,Parma,1.44,4.25,7.5
2018-2019,Sampdoria,Chievo,1.61,3.85,5.9
2018-2019,Frosinone,Milan,6.38,3.68,1.62
2018-2019,Juventus,Roma,1.36,4.95,9.0
2018-2019,Chievo,Inter,8.25,4.55,1.38
2018-2019,Parma,Bologna,2.5,3.08,3.03
2018-2019,Milan,Fiorentina,2.23,3.23,3.4
2018-2019,Empoli,Sampdoria,2.42,3.38,2.98
2018-2019,Genoa,Atalanta,4.2,3.7,1.85
2018-2019,Napoli,Spal,1.19,6.75,15.0
2018-2019,Sassuolo,Torino,2.53,3.0,3.05
2018-2019,Udinese,Frosinone,1.69,3.75,5.25
2018-2019,Lazio,Cagliari,1.32,5.38,9.75
2018-2019,Bologna,Milan,4.26,3.32,1.93
2018-2019,Atalanta,Lazio,2.06,3.48,3.58
2018-2019,Roma,Genoa,1.47,4.43,6.38
2018-2019,Cagliari,Napoli,6.58,3.88,1.55
2018-2019,Fiorentina,Empoli,1.85,3.58,4.35
2018-2019,Frosinone,Sassuolo,3.53,3.25,2.15
2018-2019,Sampdoria,Parma,1.9,3.38,4.38
2018-2019,Spal,Chievo,2.08,3.2,3.8
2018-2019,Torino,Juventus,6.75,3.68,1.59
2018-2019,Inter,Udinese,1.32,5.23,9.67
2018-2019,Cagliari,Torino,2.89,3.18,2.56
2018-2019,Genoa,Sampdoria,2.68,3.18,2.73
2018-2019,Lazio,Milan,1.73,3.75,4.85
2018-2019,Bologna,Fiorentina,3.2,3.15,2.38
2018-2019,Empoli,Atalanta,5.15,4.1,1.64
2018-2019,Napoli,Chievo,1.13,8.33,19.17
2018-2019,Parma,Sassuolo,3.25,3.4,2.24
2018-2019,Inter,Frosinone,1.25,5.93,12.17
2018-2019,Juventus,Spal,1.15,7.67,19.5
2018-2019,Udinese,Roma,3.97,3.48,1.96
2018-2019,Milan,Juventus,5.2,3.65,1.71
2018-2019,Sassuolo,Lazio,3.83,3.5,1.98
2018-2019,Roma,Sampdoria,1.43,4.77,7.17
2018-2019,Chievo,Bologna,2.95,3.12,2.53
2018-2019,Empoli,Udinese,2.01,3.35,3.83
2018-2019,Atalanta,Inter,2.77,3.4,2.52
2018-2019,Genoa,Napoli,7.33,4.75,1.41
2018-2019,Spal,Cagliari,2.62,3.02,2.93
2018-2019,Torino,Parma,1.46,4.12,7.67
2018-2019,Frosinone,Fiorentina,5.2,3.58,1.72
2018-2019,Udinese,Milan,4.48,3.42,1.87
2018-2019,Bologna,Atalanta,5.17,3.85,1.67
2018-2019,Chievo,Sassuolo,3.9,3.37,2.01
2018-2019,Parma,Frosinone,2.02,3.42,3.77
2018-2019,Sampdoria,Torino,2.77,3.2,2.63
2018-2019,Lazio,Spal,1.34,5.15,9.17
2018-2019,Juventus,Cagliari,1.16,7.42,17.83
2018-2019,Fiorentina,Roma,2.67,3.42,2.62
2018-2019,Inter,Genoa,1.36,4.78,8.92
2018-2019,Napoli,Empoli,1.22,6.55,12.5
2018-2019,Roma,Spal,1.28,5.93,10.08
2018-2019,Spal,Inter,6.75,3.92,1.54
2018-2019,Napoli,Sassuolo,1.39,4.78,8.17
2018-2019,Milan,Chievo,1.21,6.38,14.17
2018-2019,Atalanta,Sampdoria,1.54,4.2,6.0
2018-2019,Lazio,Fiorentina,1.75,3.75,4.65
2018-2019,Genoa,Parma,1.72,3.68,5.0
2018-2019,Empoli,Roma,4.58,3.97,1.72
2018-2019,Udinese,Juventus,11.17,5.13,1.31
2018-2019,Cagliari,Bologna,2.08,3.15,4.02
2018-2019,Torino,Frosinone,1.41,4.37,8.67
2018-2019,Sampdoria,Spal,1.75,3.55,5.03
2018-2019,Sassuolo,Milan,3.42,3.45,2.14
2018-2019,Parma,Empoli,2.47,3.38,2.87
2018-2019,Chievo,Torino,3.92,3.27,2.03
2018-2019,Fiorentina,Atalanta,2.28,3.4,3.13
2018-2019,Frosinone,Genoa,3.52,3.28,2.16
2018-2019,Bologna,Udinese,2.73,2.93,2.85
2018-2019,Inter,Cagliari,1.38,4.63,9.0
2018-2019,Juventus,Napoli,1.86,3.32,4.7
2018-2019,Roma,Lazio,2.58,3.47,2.62
2018-2019,Empoli,Milan,4.63,3.72,1.77
2018-2019,Spal,Sassuolo,2.47,3.22,2.97
2018-2019,Roma,Frosinone,1.2,6.75,14.0
2018-2019,Atalanta,Torino,1.72,3.82,4.93
2018-2019,Cagliari,Sampdoria,2.28,3.38,3.17
2018-2019,Genoa,Chievo,1.78,3.52,4.88
2018-2019,Juventus,Bologna,1.14,8.0,21.33
2018-2019,Napoli,Parma,1.2,6.58,15.0
2018-2019,Udinese,Lazio,4.05,3.38,1.97
2018-2019,Napoli,Fiorentina,1.44,4.53,7.5
2018-2019,Inter,Parma,1.32,5.17,10.0
2018-2019,Atalanta,Cagliari,1.36,5.0,8.75
2018-2019,Chievo,Empoli,3.1,3.1,2.45
2018-2019,Lazio,Frosinone,1.22,6.5,12.75
2018-2019,Sampdoria,Napoli,6.75,4.42,1.48
2018-2019,Sassuolo,Genoa,2.33,3.2,3.25
2018-2019,Torino,Spal,1.65,3.7,5.75
2018-2019,Fiorentina,Udinese,1.74,3.68,4.88
2018-2019,Parma,Juventus,12.5,5.75,1.25
2018-2019,Bologna,Inter,4.75,3.18,1.9
2018-2019,Milan,Roma,2.39,3.4,2.98
2018-2019,Roma,Atalanta,1.53,4.18,6.17
2018-2019,Cagliari,Sassuolo,2.42,3.23,3.05
2018-2019,Fiorentina,Chievo,1.42,4.5,7.83
2018-2019,Frosinone,Bologna,3.35,3.0,2.36
2018-2019,Genoa,Empoli,2.03,3.45,3.73
2018-2019,Inter,Torino,1.56,4.0,6.12
2018-2019,Udinese,Sampdoria,2.21,3.42,3.3
2018-2019,Spal,Parma,2.29,3.0,3.52
2018-2019,Napoli,Milan,1.6,3.97,5.62
2018-2019,Juventus,Lazio,1.49,4.28,7.0
2018-2019,Atalanta,Frosinone,1.34,5.0,10.08
2018-2019,Bologna,Spal,2.19,3.08,3.67
2018-2019,Empoli,Cagliari,2.44,3.25,2.98
2018-2019,Parma,Udinese,2.7,3.15,2.73
2018-2019,Sassuolo,Inter,5.15,3.8,1.68
2018-2019,Torino,Roma,3.63,3.5,2.03
2018-2019,Lazio,Napoli,2.78,3.47,2.46
2018-2019,Chievo,Juventus,15.67,6.18,1.21
2017-2018,Lazio,Inter,2.55,3.55,2.61
2017-2018,Sassuolo,Roma,4.65,3.82,1.73
2017-2018,Milan,Fiorentina,1.65,4.07,4.93
2017-2018,Cagliari,Atalanta,3.18,3.55,2.21
2017-2018,Chievo,Benevento,1.71,3.95,4.7
2017-2018,Napoli,Crotone,1.39,5.47,6.75
2017-2018,Spal,Sampdoria,1.75,3.75,4.7
2017-2018,Udinese,Bologna,1.5,4.28,6.63
2017-2018,Genoa,Torino,2.18,3.63,3.17
2017-2018,Juventus,Verona,1.09,10.33,28.0
2017-2018,Roma,Juventus,2.85,2.9,2.78
2017-2018,Sampdoria,Napoli,5.63,4.65,1.5
2017-2018,Atalanta,Milan,2.16,2.93,4.07
2017-2018,Bologna,Chievo,2.28,3.03,3.48
2017-2018,Crotone,Lazio,4.27,3.45,1.91
2017-2018,Fiorentina,Cagliari,1.55,4.21,5.87
2017-2018,Torino,Spal,1.9,3.45,4.23
2017-2018,Verona,Udinese,8.17,4.88,1.38
2017-2018,Inter,Sassuolo,1.18,7.17,14.0
2017-2018,Benevento,Genoa,2.16,3.6,3.22
2017-2018,Cagliari,Roma,7.18,4.52,1.44
2017-2018,Sassuolo,Sampdoria,2.21,3.45,3.25
2017-2018,Chievo,Crotone,2.16,3.08,3.76
2017-2018,Genoa,Fiorentina,3.8,3.53,1.98
2017-2018,Lazio,Atalanta,1.91,3.58,4.03
2017-2018,Napoli,Torino,1.21,6.75,12.5
2017-2018,Spal,Benevento,1.49,4.38,6.47
2017-2018,Udinese,Inter,4.41,3.7,1.81
2017-2018,Juventus,Bologna,1.12,8.75,24.0
2017-2018,Milan,Verona,1.1,10.33,22.33
2017-2018,Roma,Genoa,1.32,5.03,10.58
2017-2018,Crotone,Juventus,11.17,4.97,1.31
2017-2018,Fiorentina,Lazio,2.86,3.43,2.42
2017-2018,Napoli,Udinese,1.21,6.2,14.5
2017-2018,Sampdoria,Bologna,1.67,3.75,5.15
2017-2018,Spal,Chievo,2.18,3.05,3.82
2017-2018,Torino,Milan,3.12,3.3,2.34
2017-2018,Verona,Sassuolo,4.37,3.48,1.86
2017-2018,Benevento,Atalanta,6.33,4.3,1.52
2017-2018,Inter,Cagliari,1.2,6.67,15.5
2017-2018,Lazio,Roma,2.55,3.31,2.8
2017-2018,Juventus,Sampdoria,1.3,5.13,12.0
2017-2018,Milan,Napoli,4.24,3.55,1.88
2017-2018,Bologna,Verona,1.58,3.85,6.25
2017-2018,Sassuolo,Benevento,1.65,3.93,5.15
2017-2018,Fiorentina,Spal,1.46,4.2,7.67
2017-2018,Atalanta,Inter,2.58,3.25,2.79
2017-2018,Chievo,Torino,3.48,3.35,2.14
2017-2018,Genoa,Crotone,1.82,3.28,4.88
2017-2018,Cagliari,Udinese,2.36,3.1,3.27
2017-2018,Milan,Sassuolo,1.45,4.36,7.58
2017-2018,Udinese,Lazio,5.33,3.92,1.64
2017-2018,Crotone,Bologna,2.39,3.12,3.2
2017-2018,Napoli,Chievo,1.14,8.0,20.83
2017-2018,Verona,Cagliari,3.03,3.23,2.41
2017-2018,Torino,Inter,4.06,3.58,1.91
2017-2018,Sampdoria,Genoa,2.45,3.17,3.03
2017-2018,Roma,Fiorentina,1.82,3.57,4.47
2017-2018,Spal,Atalanta,4.68,3.57,1.79
2017-2018,Benevento,Juventus,12.33,5.2,1.29
2017-2018,Milan,Chievo,1.37,4.67,9.75
2017-2018,Crotone,Roma,6.02,4.12,1.56
2017-2018,Torino,Fiorentina,2.55,3.25,2.85
2017-2018,Verona,Atalanta,8.92,4.73,1.38
2017-2018,Sampdoria,Inter,3.93,3.55,1.93
2017-2018,Spal,Juventus,12.17,4.77,1.32
2017-2018,Udinese,Sassuolo,2.16,3.22,3.62
2017-2018,Juventus,Atalanta,1.4,4.29,9.58
2017-2018,Inter,Napoli,3.9,3.45,1.98
2017-2018,Genoa,Milan,3.38,3.06,2.33
2017-2018,Bologna,Atalanta,4.4,3.46,1.88
2017-2018,Cagliari,Lazio,6.18,4.2,1.53
2017-2018,Crotone,Sampdoria,2.83,3.19,2.61
2017-2018,Juventus,Udinese,1.23,5.8,14.95
2017-2018,Sassuolo,Spal,2.04,3.26,3.94
2017-2018,Fiorentina,Benevento,1.37,4.86,8.28
2017-2018,Verona,Chievo,3.77,3.32,2.07
2017-2018,Roma,Torino,1.57,4.28,5.61
2017-2018,Napoli,Roma,1.59,3.91,6.01
2017-2018,Lazio,Juventus,3.23,3.15,2.35
2017-2018,Spal,Bologna,2.44,3.1,3.14
2017-2018,Cagliari,Napoli,11.9,5.3,1.28
2017-2018,Roma,Milan,2.01,3.41,3.82
2017-2018,Fiorentina,Chievo,1.44,4.21,8.06
2017-2018,Sampdoria,Udinese,2.0,3.43,3.82
2017-2018,Sassuolo,Lazio,4.32,3.61,1.83
2017-2018,Verona,Torino,5.91,3.97,1.59
2017-2018,Crotone,Spal,2.26,3.07,3.55
2017-2018,Inter,Benevento,1.23,5.98,12.83
2017-2018,Bologna,Genoa,2.85,2.89,2.8
2017-2018,Lazio,Genoa,1.46,4.19,7.91
2017-2018,Benevento,Napoli,16.75,7.58,1.16
2017-2018,Atalanta,Chievo,1.43,4.5,7.83
2017-2018,Bologna,Fiorentina,3.21,3.26,2.3
2017-2018,Cagliari,Spal,2.07,3.27,3.83
2017-2018,Juventus,Sassuolo,1.22,6.08,15.13
2017-2018,Udinese,Milan,3.45,3.22,2.22
2017-2018,Verona,Roma,8.8,5.03,1.36
2017-2018,Inter,Crotone,1.27,5.34,12.88
2017-2018,Sampdoria,Torino,2.33,3.41,3.04
2017-2018,Roma,Sampdoria,1.36,5.05,8.47
2017-2018,Milan,Lazio,2.46,3.32,2.91
2017-2018,Crotone,Cagliari,2.56,2.99,3.05
2017-2018,Fiorentina,Verona,1.25,5.91,12.63
2017-2018,Genoa,Udinese,2.27,3.05,3.49
2017-2018,Napoli,Bologna,1.19,7.19,15.18
2017-2018,Torino,Benevento,1.4,4.75,7.63
2017-2018,Spal,Inter,5.89,3.92,1.59
2017-2018,Chievo,Juventus,9.99,4.79,1.34
2017-2018,Sassuolo,Atalanta,3.03,3.19,2.45
2017-2018,Sampdoria,Roma,3.83,3.64,1.94
2017-2018,Lazio,Udinese,1.53,4.19,6.35
2017-2018,Juventus,Genoa,1.21,5.98,17.5
2017-2018,Inter,Roma,2.43,3.39,2.91
2017-2018,Cagliari,Milan,4.04,3.43,1.95
2017-2018,Bologna,Benevento,1.7,3.56,5.45
2017-2018,Lazio,Chievo,1.29,5.64,10.25
2017-2018,Sampdoria,Fiorentina,3.09,3.34,2.33
2017-2018,Sassuolo,Torino,2.58,3.2,2.85
2017-2018,Udinese,Spal,1.83,3.5,4.52
2017-2018,Fiorentina,Milan,2.35,3.27,3.1
2017-2018,Crotone,Napoli,15.94,6.65,1.19
2017-2018,Juventus,Roma,1.71,3.68,5.15
2017-2018,Milan,Atalanta,2.53,3.29,2.86
2017-2018,Genoa,Benevento,1.46,4.23,7.83
2017-2018,Napoli,Sampdoria,1.2,6.6,14.43
2017-2018,Sassuolo,Inter,5.06,3.71,1.72
2017-2018,Spal,Torino,3.15,3.27,2.34
2017-2018,Udinese,Verona,1.7,3.75,5.1
2017-2018,Lazio,Crotone,1.24,6.31,11.75
2017-2018,Cagliari,Fiorentina,3.1,3.25,2.4
2017-2018,Chievo,Bologna,2.6,3.05,2.93
2017-2018,Atalanta,Lazio,2.24,3.35,3.26
2017-2018,Benevento,Spal,2.67,3.18,2.72
2017-2018,Bologna,Juventus,7.63,4.31,1.45
2017-2018,Crotone,Chievo,2.99,3.0,2.58
2017-2018,Fiorentina,Genoa,1.73,3.58,5.13
2017-2018,Sampdoria,Sassuolo,1.89,3.61,4.09
2017-2018,Verona,Milan,5.84,4.38,1.53
2017-2018,Roma,Cagliari,1.22,6.54,12.69
2017-2018,Torino,Napoli,5.11,3.86,1.67
2017-2018,Inter,Udinese,1.33,5.16,9.44
2017-2018,Genoa,Atalanta,3.19,3.29,2.31
2017-2018,Lazio,Torino,1.51,4.4,6.4
2017-2018,Milan,Bologna,1.52,4.1,6.8
2017-2018,Sassuolo,Crotone,1.7,3.61,5.33
2017-2018,Napoli,Fiorentina,1.43,4.71,6.98
2017-2018,Spal,Verona,2.1,3.31,3.66
2017-2018,Udinese,Benevento,1.47,4.35,6.98
2017-2018,Chievo,Roma,5.81,3.99,1.6
2017-2018,Sassuolo,Verona,1.65,3.93,5.21
2017-2018,Bologna,Sampdoria,2.44,3.3,2.95
2017-2018,Verona,Bologna,3.26,3.2,2.32
2017-2018,Inter,Atalanta,1.82,3.53,4.58
2017-2018,Benevento,Sassuolo,3.3,3.37,2.23
2017-2018,Sampdoria,Juventus,6.26,3.96,1.57
2017-2018,Spal,Fiorentina,3.99,3.53,1.95
2017-2018,Torino,Chievo,1.77,3.75,4.63
2017-2018,Udinese,Cagliari,1.97,3.49,3.89
2017-2018,Crotone,Genoa,3.21,3.16,2.34
2017-2018,Napoli,Milan,1.45,4.71,6.78
2017-2018,Roma,Lazio,2.17,3.45,3.33
2017-2018,Sassuolo,Milan,4.11,3.6,1.88
2017-2018,Atalanta,Spal,1.34,4.99,9.61
2017-2018,Cagliari,Verona,1.81,3.56,4.63
2017-2018,Chievo,Napoli,7.44,4.7,1.41
2017-2018,Fiorentina,Roma,3.25,3.61,2.15
2017-2018,Juventus,Benevento,1.05,14.13,35.25
2017-2018,Inter,Torino,1.57,4.25,5.6
2017-2018,Genoa,Sampdoria,2.48,3.25,2.93
2017-2018,Bologna,Crotone,1.76,3.39,5.27
2017-2018,Verona,Inter,8.54,5.2,1.35
2017-2018,Torino,Cagliari,1.54,4.31,5.85
2017-2018,Crotone,Fiorentina,5.43,3.84,1.64
2017-2018,Napoli,Sassuolo,1.14,9.0,15.48
2017-2018,Sampdoria,Chievo,2.11,3.41,3.56
2017-2018,Spal,Genoa,3.04,3.05,2.53
2017-2018,Udinese,Atalanta,3.81,3.33,2.06
2017-2018,Benevento,Lazio,10.5,5.56,1.29
2017-2018,Roma,Bologna,1.32,5.41,9.34
2017-2018,Sampdoria,Crotone,1.54,4.09,6.52
2017-2018,Verona,Benevento,1.88,3.56,4.28
2017-2018,Inter,Milan,2.17,3.36,3.5
2017-2018,Bologna,Spal,1.96,3.21,4.3
2017-2018,Cagliari,Genoa,2.41,3.12,3.2
2017-2018,Crotone,Torino,3.4,3.34,2.2
2017-2018,Sampdoria,Atalanta,3.26,3.31,2.27
2017-2018,Sassuolo,Chievo,2.23,3.25,3.45
2017-2018,Fiorentina,Udinese,1.64,3.9,5.46
2017-2018,Roma,Napoli,3.27,3.59,2.15
2017-2018,Juventus,Lazio,1.58,4.04,6.04
2017-2018,Atalanta,Juventus,4.93,3.43,1.8
2017-2018,Milan,Roma,2.45,3.54,2.81
2017-2018,Benevento,Inter,11.03,5.96,1.26
2017-2018,Chievo,Fiorentina,2.92,3.24,2.51
2017-2018,Lazio,Sassuolo,1.5,4.33,6.63
2017-2018,Spal,Crotone,1.91,3.38,4.4
2017-2018,Torino,Verona,1.29,5.63,10.3
2017-2018,Napoli,Cagliari,1.12,9.45,20.5
2017-2018,Genoa,Bologna,2.21,3.21,3.52
2017-2018,Udinese,Sampdoria,2.51,3.26,2.93
2017-2018,Fiorentina,Atalanta,2.21,3.39,3.3
2017-2018,Sassuolo,Bologna,2.04,3.33,3.9
2017-2018,Cagliari,Chievo,2.24,3.27,3.36
2017-2018,Crotone,Benevento,1.98,3.33,4.15
2017-2018,Inter,Genoa,1.33,5.14,9.25
2017-2018,Verona,Lazio,5.93,4.16,1.57
2017-2018,Sampdoria,Milan,3.7,3.6,2.01
2017-2018,Juventus,Torino,1.38,4.89,8.3
2017-2018,Spal,Napoli,14.09,6.79,1.21
2017-2018,Crotone,Inter,8.34,4.76,1.39
2017-2018,Bologna,Napoli,8.98,4.95,1.36
2017-2018,Benevento,Torino,4.0,3.68,1.9
2017-2018,Lazio,Milan,2.3,3.45,3.07
2017-2018,Atalanta,Sassuolo,1.62,3.85,5.86
2017-2018,Cagliari,Crotone,1.63,3.85,5.85
2017-2018,Udinese,Genoa,2.47,3.16,3.08
2017-2018,Verona,Fiorentina,3.73,3.43,2.05
2017-2018,Inter,Spal,1.21,6.7,14.05
2017-2018,Juventus,Chievo,1.23,5.95,13.0
2017-2018,Milan,Cagliari,1.29,5.59,10.19
2017-2018,Chievo,Lazio,4.04,3.39,1.97
2017-2018,Crotone,Verona,2.75,3.13,2.73
2017-2018,Fiorentina,Sampdoria,1.66,3.99,5.09
2017-2018,Napoli,Atalanta,1.34,5.13,8.95
2017-2018,Spal,Udinese,2.47,3.2,3.02
2017-2018,Torino,Sassuolo,1.66,3.91,5.21
2017-2018,Roma,Inter,2.19,3.51,3.22
2017-2018,Benevento,Bologna,2.64,3.14,2.82
2017-2018,Genoa,Juventus,8.41,4.36,1.42
2017-2018,Bologna,Torino,3.26,3.3,2.28
2017-2018,Crotone,Milan,7.23,4.21,1.49
2017-2018,Inter,Fiorentina,1.5,4.34,6.54
2017-2018,Lazio,Spal,1.26,5.86,11.88
2017-2018,Sampdoria,Benevento,1.62,3.83,5.88
2017-2018,Sassuolo,Genoa,1.9,3.51,4.19
2017-2018,Udinese,Chievo,2.03,3.25,4.05
2017-2018,Atalanta,Roma,2.86,3.4,2.48
2017-2018,Verona,Napoli,7.91,4.76,1.4
2017-2018,Juventus,Cagliari,1.13,8.38,21.25
2016-2017,Crotone,Lazio,2.63,3.74,2.48
2016-2017,Fiorentina,Pescara,1.2,7.35,12.38
2016-2017,Inter,Udinese,1.38,5.03,7.66
2016-2017,Palermo,Empoli,5.78,4.32,1.54
2016-2017,Torino,Sassuolo,1.8,4.03,3.89
2016-2017,Roma,Genoa,1.05,13.38,37.5
2016-2017,Sampdoria,Napoli,10.89,6.39,1.25
2016-2017,Cagliari,Milan,3.51,3.9,1.97
2016-2017,Atalanta,Chievo,1.3,5.73,8.75
2016-2017,Bologna,Juventus,5.04,4.02,1.64
2016-2017,Pescara,Palermo,1.86,3.89,3.83
2016-2017,Lazio,Inter,1.64,4.38,4.53
2016-2017,Milan,Bologna,1.28,5.68,10.88
2016-2017,Empoli,Atalanta,2.74,3.28,2.61
2016-2017,Genoa,Torino,2.14,3.29,3.54
2016-2017,Juventus,Crotone,1.1,9.26,27.25
2016-2017,Sassuolo,Cagliari,1.75,3.94,4.37
2016-2017,Udinese,Sampdoria,2.01,3.5,3.68
2016-2017,Napoli,Fiorentina,1.2,7.54,12.48
2016-2017,Chievo,Roma,14.25,7.18,1.19
2016-2017,Roma,Juventus,2.4,3.43,3.0
2016-2017,Bologna,Pescara,1.68,3.93,5.06
2016-2017,Cagliari,Empoli,2.57,3.44,2.71
2016-2017,Crotone,Udinese,1.81,3.66,4.38
2016-2017,Palermo,Genoa,3.75,3.31,2.09
2016-2017,Sampdoria,Chievo,1.77,3.75,4.6
2016-2017,Torino,Napoli,6.21,4.93,1.46
2016-2017,Inter,Sassuolo,1.35,5.29,8.14
2016-2017,Atalanta,Milan,2.04,3.41,3.74
2016-2017,Fiorentina,Lazio,1.73,4.18,4.3
2016-2017,Pescara,Roma,13.13,7.2,1.2
2016-2017,Juventus,Genoa,1.17,7.15,17.5
2016-2017,Milan,Empoli,1.37,4.98,8.58
2016-2017,Chievo,Torino,3.29,3.61,2.14
2016-2017,Lazio,Palermo,1.16,7.83,18.48
2016-2017,Sampdoria,Crotone,1.91,3.45,4.21
2016-2017,Udinese,Cagliari,1.74,3.75,4.84
2016-2017,Sassuolo,Napoli,8.65,5.0,1.37
2016-2017,Fiorentina,Inter,2.69,3.54,2.54
2016-2017,Atalanta,Bologna,1.34,5.05,9.54
2016-2017,Napoli,Udinese,1.2,6.84,14.75
2016-2017,Sassuolo,Sampdoria,2.23,3.5,3.16
2016-2017,Roma,Atalanta,1.45,4.53,7.21
2016-2017,Cagliari,Chievo,2.07,3.41,3.7
2016-2017,Fiorentina,Empoli,1.37,4.95,8.61
2016-2017,Genoa,Lazio,5.54,4.09,1.61
2016-2017,Palermo,Bologna,2.79,3.19,2.66
2016-2017,Pescara,Juventus,12.75,6.28,1.23
2016-2017,Torino,Crotone,1.55,4.25,6.01
2016-2017,Inter,Milan,2.08,3.55,3.57
2016-2017,Lazio,Napoli,2.93,3.46,2.39
2016-2017,Milan,Palermo,1.24,6.09,11.93
2016-2017,Bologna,Roma,7.35,4.6,1.44
2016-2017,Cagliari,Torino,3.07,3.59,2.26
2016-2017,Crotone,Inter,7.5,4.63,1.43
2016-2017,Udinese,Genoa,1.93,3.45,4.18
2016-2017,Sampdoria,Fiorentina,3.31,3.44,2.19
2016-2017,Juventus,Chievo,1.2,6.45,15.63
2016-2017,Atalanta,Sassuolo,1.47,4.41,6.94
2016-2017,Empoli,Pescara,1.92,3.74,3.86
2016-2017,Lazio,Torino,1.51,4.42,6.25
2016-2017,Palermo,Roma,8.05,4.92,1.38
2016-2017,Chievo,Empoli,1.97,3.23,4.28
2016-2017,Fiorentina,Cagliari,1.39,4.85,7.98
2016-2017,Inter,Atalanta,1.84,3.55,4.44
2016-2017,Napoli,Crotone,1.15,8.0,18.67
2016-2017,Pescara,Udinese,2.9,3.5,2.34
2016-2017,Sassuolo,Bologna,1.93,3.43,4.2
2016-2017,Genoa,Sampdoria,2.53,3.15,2.97
2016-2017,Juventus,Milan,1.41,4.65,8.5
2016-2017,Bologna,Lazio,4.97,3.72,1.72
2016-2017,Cagliari,Inter,5.32,3.87,1.67
2016-2017,Crotone,Sassuolo,3.05,3.23,2.42
2016-2017,Empoli,Genoa,2.83,3.05,2.72
2016-2017,Torino,Palermo,1.47,4.41,6.95
2016-2017,Udinese,Juventus,8.08,4.18,1.46
2016-2017,Atalanta,Fiorentina,2.02,3.43,3.77
2016-2017,Milan,Chievo,1.59,4.02,5.83
2016-2017,Sampdoria,Pescara,1.62,4.22,5.08
2016-2017,Roma,Napoli,2.14,3.58,3.32
2016-2017,Fiorentina,Torino,1.83,3.8,4.18
2016-2017,Inter,Roma,2.53,3.47,2.78
2016-2017,Chievo,Pescara,1.91,3.63,3.95
2016-2017,Crotone,Cagliari,2.57,3.2,2.88
2016-2017,Genoa,Bologna,2.01,3.28,4.05
2016-2017,Lazio,Udinese,1.47,4.35,7.17
2016-2017,Sassuolo,Milan,2.73,3.38,2.57
2016-2017,Palermo,Sampdoria,3.02,3.3,2.37
2016-2017,Juventus,Empoli,1.17,7.0,19.67
2016-2017,Napoli,Atalanta,1.58,3.95,6.0
2016-2017,Bologna,Milan,3.48,3.25,2.18
2016-2017,Crotone,Juventus,12.67,5.35,1.26
2016-2017,Roma,Fiorentina,1.59,3.98,5.78
2016-2017,Juventus,Inter,1.61,3.78,6.3
2016-2017,Palermo,Crotone,2.33,3.2,3.23
2016-2017,Atalanta,Cagliari,1.39,4.68,8.25
2016-2017,Chievo,Udinese,2.73,3.08,2.77
2016-2017,Empoli,Torino,3.43,3.38,2.12
2016-2017,Genoa,Sassuolo,2.02,3.47,3.7
2016-2017,Pescara,Lazio,5.78,4.07,1.57
2016-2017,Milan,Sampdoria,1.75,3.7,4.97
2016-2017,Bologna,Napoli,6.63,4.18,1.51
2016-2017,Pescara,Fiorentina,3.7,3.45,2.04
2016-2017,Napoli,Palermo,1.11,9.42,21.33
2016-2017,Cagliari,Bologna,2.39,3.27,3.05
2016-2017,Crotone,Empoli,2.41,3.1,3.18
2016-2017,Fiorentina,Genoa,1.68,3.78,5.22
2016-2017,Sampdoria,Roma,4.73,3.87,1.72
2016-2017,Sassuolo,Juventus,8.58,4.43,1.41
2016-2017,Udinese,Milan,3.18,3.3,2.31
2016-2017,Torino,Atalanta,2.37,3.32,3.05
2016-2017,Inter,Pescara,1.21,6.38,13.67
2016-2017,Lazio,Chievo,1.47,4.17,7.67
2016-2017,Roma,Cagliari,1.22,6.75,12.33
2016-2017,Atalanta,Sampdoria,1.69,3.72,5.22
2016-2017,Bologna,Torino,2.87,3.17,2.57
2016-2017,Empoli,Udinese,2.7,3.08,2.82
2016-2017,Genoa,Crotone,1.5,4.07,7.17
2016-2017,Palermo,Inter,7.0,4.18,1.49
2016-2017,Pescara,Sassuolo,2.95,3.42,2.37
2016-2017,Napoli,Sampdoria,1.26,6.0,11.08
2016-2017,Empoli,Palermo,2.0,3.23,4.14
2016-2017,Roma,Chievo,1.34,5.08,9.78
2016-2017,Cagliari,Sassuolo,2.43,3.35,2.97
2016-2017,Fiorentina,Napoli,4.24,3.7,1.83
2016-2017,Palermo,Pescara,2.22,3.13,3.57
2016-2017,Sampdoria,Udinese,1.94,3.52,4.03
2016-2017,Torino,Genoa,1.81,3.67,4.5
2016-2017,Inter,Lazio,2.08,3.42,3.62
2016-2017,Atalanta,Empoli,1.5,4.12,7.08
2016-2017,Genoa,Palermo,1.51,3.97,7.42
2016-2017,Lazio,Fiorentina,1.82,3.7,4.26
2016-2017,Chievo,Sampdoria,2.2,3.22,3.5
2016-2017,Napoli,Torino,1.43,4.65,7.33
2016-2017,Pescara,Bologna,2.39,3.2,3.12
2016-2017,Udinese,Crotone,1.61,3.78,6.17
2016-2017,Sassuolo,Inter,4.67,3.8,1.76
2016-2017,Juventus,Roma,1.71,3.68,5.5
2016-2017,Milan,Atalanta,2.27,3.13,3.45
2016-2017,Empoli,Cagliari,2.08,3.3,3.73
2016-2017,Genoa,Fiorentina,2.88,2.75,2.85
2016-2017,Roma,Milan,1.64,4.07,5.2
2016-2017,Fiorentina,Sassuolo,1.6,4.03,5.7
2016-2017,Inter,Genoa,1.63,3.92,5.48
2016-2017,Atalanta,Udinese,1.7,3.58,5.5
2016-2017,Bologna,Empoli,2.2,3.17,3.53
2016-2017,Palermo,Chievo,2.97,3.02,2.64
2016-2017,Torino,Juventus,4.5,3.45,1.86
2016-2017,Cagliari,Napoli,7.08,4.58,1.46
2016-2017,Sampdoria,Lazio,3.37,3.47,2.18
2016-2017,Torino,Chievo,1.68,3.65,5.57
2016-2017,Milan,Inter,2.88,3.08,2.66
2016-2017,Atalanta,Roma,3.73,3.53,2.02
2016-2017,Bologna,Palermo,1.85,3.47,4.67
2016-2017,Crotone,Torino,4.82,3.75,1.74
2016-2017,Empoli,Fiorentina,3.78,3.42,2.03
2016-2017,Lazio,Genoa,1.71,3.87,4.92
2016-2017,Sampdoria,Sassuolo,2.2,3.37,3.38
2016-2017,Juventus,Pescara,1.14,8.08,18.67
2016-2017,Udinese,Napoli,5.03,3.88,1.68
2016-2017,Chievo,Cagliari,1.94,3.47,4.12
2016-2017,Roma,Bologna,1.24,6.25,11.67
2016-2017,Fiorentina,Sampdoria,1.55,4.08,6.2
2016-2017,Inter,Crotone,1.27,5.72,12.23
2016-2017,Chievo,Juventus,7.0,3.77,1.54
2016-2017,Genoa,Udinese,1.88,3.43,4.43
2016-2017,Palermo,Milan,5.17,3.68,1.71
2016-2017,Sassuolo,Atalanta,2.58,3.2,2.88
2016-2017,Pescara,Empoli,2.33,3.22,3.22
2016-2017,Napoli,Lazio,1.68,3.93,5.17
2016-2017,Torino,Cagliari,1.54,4.29,6.08
2016-2017,Cagliari,Palermo,1.72,3.7,5.0
2016-2017,Udinese,Torino,2.68,3.27,2.7
2016-2017,Sampdoria,Inter,3.72,3.53,2.02
2016-2017,Milan,Pescara,1.35,5.0,9.08
2016-2017,Crotone,Chievo,3.5,3.2,2.23
2016-2017,Empoli,Roma,5.75,4.05,1.59
2016-2017,Lazio,Sassuolo,1.48,4.4,6.85
2016-2017,Atalanta,Genoa,2.32,3.2,3.38
2016-2017,Juventus,Napoli,1.74,3.55,5.33
2016-2017,Sampdoria,Genoa,3.02,3.27,2.47
2016-2017,Palermo,Torino,4.41,3.42,1.88
2016-2017,Chievo,Milan,3.07,3.1,2.55
2016-2017,Genoa,Empoli,1.78,3.5,5.0
2016-2017,Inter,Cagliari,1.34,5.07,9.33
2016-2017,Lazio,Bologna,1.44,4.28,8.17
2016-2017,Sassuolo,Crotone,1.52,4.2,6.6
2016-2017,Fiorentina,Atalanta,1.68,3.75,5.42
2016-2017,Juventus,Udinese,1.2,6.83,16.33
2016-2017,Pescara,Sampdoria,2.42,3.28,3.02
2016-2017,Napoli,Roma,1.88,3.63,4.25
2016-2017,Roma,Inter,1.89,3.62,4.11
2016-2017,Milan,Sassuolo,1.61,3.83,6.0
2016-2017,Torino,Fiorentina,2.4,3.23,3.08
2016-2017,Atalanta,Napoli,5.3,3.73,1.69
2016-2017,Bologna,Genoa,2.52,3.17,3.0
2016-2017,Cagliari,Crotone,1.61,3.93,5.83
2016-2017,Sampdoria,Palermo,1.71,3.67,5.28
2016-2017,Empoli,Juventus,10.08,5.1,1.33
2016-2017,Udinese,Lazio,2.97,3.27,2.43
2016-2017,Pescara,Chievo,2.63,3.13,2.85
2016-2017,Cagliari,Sampdoria,2.13,3.3,3.57
2016-2017,Crotone,Atalanta,4.39,3.3,1.92
2016-2017,Fiorentina,Milan,2.22,3.25,3.43
2016-2017,Genoa,Pescara,1.65,3.67,5.67
2016-2017,Inter,Bologna,1.44,4.48,7.5
2016-2017,Lazio,Empoli,1.49,4.18,7.25
2016-2017,Sassuolo,Udinese,2.03,3.33,3.93
2016-2017,Torino,Roma,3.43,3.5,2.12
2016-2017,Napoli,Chievo,1.39,4.67,8.75
2016-2017,Sampdoria,Milan,3.1,3.27,2.36
2016-2017,Empoli,Crotone,1.71,3.63,5.38
2016-2017,Pescara,Inter,4.42,3.48,1.85
2016-2017,Milan,Udinese,1.55,4.1,5.92
2016-2017,Roma,Sampdoria,1.36,5.08,8.25
2016-2017,Atalanta,Torino,2.52,3.23,2.89
2016-2017,Chievo,Lazio,3.43,3.13,2.25
2016-2017,Bologna,Cagliari,2.18,3.22,3.52
2016-2017,Palermo,Napoli,8.75,5.17,1.36
2016-2017,Juventus,Sassuolo,1.3,5.17,10.92
2016-2017,Cagliari,Roma,5.27,4.1,1.61
2016-2017,Crotone,Genoa,6.25,3.8,1.58
2016-2017,Fiorentina,Chievo,1.6,3.78,6.08
2016-2017,Sampdoria,Atalanta,2.47,3.22,3.0
2016-2017,Sassuolo,Pescara,1.62,3.88,5.67
2016-2017,Torino,Bologna,1.84,3.38,4.59
2016-2017,Udinese,Empoli,2.05,3.3,3.87
2016-2017,Inter,Palermo,1.3,5.48,10.17
2016-2017,Napoli,Milan,1.6,4.13,5.6
2016-2017,Lazio,Juventus,4.13,3.3,2.0
2016-2017,Atalanta,Lazio,2.82,3.18,2.63
2016-2017,Bologna,Crotone,1.73,3.43,5.58
2016-2017,Chievo,Inter,3.78,3.28,2.07
2016-2017,Empoli,Sampdoria,2.13,3.28,3.6
2016-2017,Genoa,Cagliari,1.97,3.4,4.1
2016-2017,Palermo,Sassuolo,3.23,3.13,2.38
2016-2017,Pescara,Napoli,8.0,4.5,1.42
2016-2017,Milan,Torino,1.86,3.48,4.47
2016-2017,Juventus,Fiorentina,1.48,4.0,7.75
2016-2017,Roma,Udinese,1.45,4.5,7.25
2015-2016,Lazio,Fiorentina,1.89,3.78,3.75
2015-2016,Palermo,Verona,1.24,6.33,11.0
2015-2016,Udinese,Carpi,2.13,3.53,3.28
2015-2016,Chievo,Bologna,2.28,3.32,3.18
2015-2016,Empoli,Torino,2.57,3.5,2.6
2015-2016,Genoa,Atalanta,1.58,4.27,5.3
2015-2016,Milan,Roma,2.88,3.72,2.3
2015-2016,Napoli,Frosinone,1.07,11.67,27.0
2015-2016,Sassuolo,Inter,1.64,4.07,4.92
2015-2016,Juventus,Sampdoria,1.21,6.58,13.33
2015-2016,Torino,Napoli,7.17,4.75,1.43
2015-2016,Verona,Juventus,5.47,4.22,1.59
2015-2016,Atalanta,Udinese,3.47,3.27,2.17
2015-2016,Carpi,Lazio,2.8,3.27,2.55
2015-2016,Fiorentina,Palermo,1.64,3.98,5.23
2015-2016,Frosinone,Sassuolo,5.0,4.05,1.64
2015-2016,Roma,Chievo,1.2,6.68,14.67
2015-2016,Bologna,Milan,3.8,3.42,2.02
2015-2016,Inter,Empoli,1.35,5.17,8.67
2015-2016,Napoli,Atalanta,1.15,8.08,16.5
2015-2016,Genoa,Roma,5.5,3.9,1.63
2015-2016,Lazio,Inter,2.23,3.47,3.23
2015-2016,Milan,Frosinone,1.25,6.15,11.67
2015-2016,Empoli,Bologna,2.37,3.25,3.1
2015-2016,Palermo,Sampdoria,1.9,3.62,4.03
2015-2016,Sassuolo,Verona,1.51,4.38,6.25
2015-2016,Juventus,Carpi,1.29,5.42,11.0
2015-2016,Chievo,Fiorentina,4.33,3.55,1.84
2015-2016,Udinese,Torino,1.95,3.43,4.1
2015-2016,Sampdoria,Milan,3.32,3.35,2.22
2015-2016,Lazio,Empoli,1.51,4.29,6.4
2015-2016,Fiorentina,Sassuolo,1.79,3.65,4.62
2015-2016,Juventus,Palermo,1.14,7.75,24.33
2015-2016,Udinese,Chievo,1.93,3.43,4.18
2015-2016,Verona,Frosinone,1.59,4.03,5.58
2015-2016,Atalanta,Roma,4.73,3.65,1.77
2015-2016,Inter,Napoli,3.13,3.23,2.37
2015-2016,Carpi,Genoa,2.67,3.1,2.79
2015-2016,Bologna,Torino,2.93,3.08,2.6
2015-2016,Roma,Bologna,1.28,5.52,11.17
2015-2016,Palermo,Lazio,3.38,3.4,2.18
2015-2016,Napoli,Verona,1.23,6.17,11.83
2015-2016,Sampdoria,Udinese,2.07,3.27,3.75
2015-2016,Torino,Atalanta,1.94,3.3,4.15
2015-2016,Empoli,Fiorentina,3.4,3.28,2.22
2015-2016,Milan,Juventus,3.87,3.22,2.08
2015-2016,Chievo,Carpi,2.13,3.22,3.65
2015-2016,Sassuolo,Genoa,1.93,3.35,4.16
2015-2016,Frosinone,Inter,5.75,3.85,1.6
2015-2016,Bologna,Verona,1.82,3.52,4.75
2015-2016,Inter,Torino,1.71,3.73,5.0
2015-2016,Atalanta,Milan,3.47,3.23,2.22
2015-2016,Chievo,Palermo,2.17,3.28,3.57
2015-2016,Fiorentina,Sampdoria,1.6,4.0,5.73
2015-2016,Genoa,Frosinone,1.53,4.0,6.92
2015-2016,Lazio,Roma,3.67,3.3,2.1
2015-2016,Udinese,Napoli,6.75,4.29,1.49
2015-2016,Juventus,Empoli,1.28,5.17,12.0
2015-2016,Carpi,Sassuolo,3.3,3.12,2.32
2015-2016,Inter,Palermo,1.33,5.18,9.83
2015-2016,Atalanta,Juventus,9.25,4.0,1.44
2015-2016,Bologna,Carpi,2.02,3.18,4.1
2015-2016,Frosinone,Udinese,3.53,3.4,2.12
2015-2016,Genoa,Empoli,2.03,3.28,3.93
2015-2016,Sassuolo,Milan,2.9,3.23,2.55
2015-2016,Torino,Lazio,2.51,3.1,3.05
2015-2016,Napoli,Chievo,1.18,6.97,16.67
2015-2016,Verona,Sampdoria,2.5,3.37,2.82
2015-2016,Fiorentina,Napoli,3.38,3.3,2.22
2015-2016,Lazio,Sassuolo,1.75,3.6,5.0
2015-2016,Juventus,Inter,1.56,3.78,7.0
2015-2016,Carpi,Atalanta,2.47,3.12,3.08
2015-2016,Chievo,Genoa,2.85,3.02,2.73
2015-2016,Sampdoria,Frosinone,1.56,4.0,6.42
2015-2016,Udinese,Verona,1.92,3.55,4.07
2015-2016,Palermo,Bologna,2.85,3.13,2.64
2015-2016,Milan,Torino,1.84,3.47,4.55
2015-2016,Empoli,Roma,4.08,3.4,1.94
2015-2016,Roma,Palermo,1.29,5.67,10.5
2015-2016,Atalanta,Fiorentina,3.57,3.22,2.18
2015-2016,Genoa,Udinese,1.99,3.27,4.15
2015-2016,Sassuolo,Empoli,2.1,3.2,3.83
2015-2016,Torino,Carpi,1.62,3.65,6.25
2015-2016,Inter,Sampdoria,1.51,4.28,7.0
2015-2016,Verona,Chievo,2.48,3.17,3.07
2015-2016,Bologna,Juventus,7.17,3.57,1.61
2015-2016,Empoli,Udinese,2.03,3.4,3.78
2015-2016,Fiorentina,Carpi,1.41,4.6,8.0
2015-2016,Inter,Chievo,1.43,4.4,8.83
2015-2016,Juventus,Genoa,1.31,5.33,11.17
2015-2016,Lazio,Napoli,3.72,3.43,2.05
2015-2016,Palermo,Milan,4.0,3.53,1.95
2015-2016,Sampdoria,Torino,2.95,3.13,2.57
2015-2016,Verona,Atalanta,2.37,3.27,3.1
2015-2016,Frosinone,Bologna,2.95,3.22,2.51
2015-2016,Sassuolo,Roma,2.97,3.2,2.47
2015-2016,Milan,Inter,2.62,3.05,3.0
2015-2016,Bologna,Sampdoria,2.1,3.3,3.65
2015-2016,Genoa,Fiorentina,3.27,3.28,2.28
2015-2016,Napoli,Empoli,1.27,5.75,11.0
2015-2016,Torino,Verona,1.65,3.85,5.33
2015-2016,Udinese,Lazio,3.4,3.3,2.2
2015-2016,Chievo,Juventus,8.9,4.0,1.47
2015-2016,Roma,Frosinone,1.23,6.68,12.5
2015-2016,Atalanta,Sassuolo,2.35,3.17,3.25
2015-2016,Carpi,Palermo,2.23,3.2,3.43
2015-2016,Juventus,Roma,1.57,3.82,7.17
2015-2016,Inter,Carpi,1.46,4.44,7.57
2015-2016,Lazio,Chievo,1.67,3.7,5.5
2015-2016,Palermo,Udinese,2.55,3.15,2.93
2015-2016,Sampdoria,Napoli,6.58,4.31,1.5
2015-2016,Sassuolo,Bologna,2.07,3.28,3.77
2015-2016,Verona,Genoa,3.4,3.32,2.18
2015-2016,Fiorentina,Torino,1.81,3.43,4.67
2015-2016,Empoli,Milan,3.48,3.27,2.2
2015-2016,Frosinone,Atalanta,3.17,3.33,2.3
2015-2016,Carpi,Udinese,3.0,3.2,2.45
2015-2016,Napoli,Torino,1.39,4.67,8.5
2015-2016,Empoli,Inter,3.43,3.18,2.24
2015-2016,Milan,Bologna,1.51,4.1,7.08
2015-2016,Chievo,Roma,3.05,3.2,2.43
2015-2016,Juventus,Verona,1.18,7.08,17.5
2015-2016,Lazio,Carpi,1.44,4.37,7.82
2015-2016,Palermo,Fiorentina,4.87,3.62,1.74
2015-2016,Sassuolo,Frosinone,1.42,4.48,8.12
2015-2016,Udinese,Atalanta,2.12,3.18,3.87
2015-2016,Genoa,Sampdoria,2.35,3.03,3.32
2015-2016,Inter,Lazio,1.98,3.34,4.1
2015-2016,Frosinone,Milan,6.0,3.8,1.62
2015-2016,Sampdoria,Palermo,2.22,3.27,3.38
2015-2016,Torino,Udinese,1.75,3.5,5.15
2015-2016,Roma,Genoa,1.52,4.34,6.75
2015-2016,Atalanta,Napoli,6.58,4.17,1.53
2015-2016,Fiorentina,Chievo,1.47,4.23,7.52
2015-2016,Verona,Sassuolo,2.63,3.18,2.8
2015-2016,Carpi,Juventus,10.5,4.65,1.35
2015-2016,Bologna,Empoli,2.7,3.03,2.86
2015-2016,Lazio,Sampdoria,1.44,4.48,7.58
2015-2016,Juventus,Fiorentina,1.76,3.4,5.38
2015-2016,Napoli,Roma,1.7,3.78,5.13
2015-2016,Milan,Verona,1.4,4.7,8.25
2015-2016,Chievo,Atalanta,2.42,3.07,3.18
2015-2016,Empoli,Carpi,1.93,3.4,4.21
2015-2016,Udinese,Inter,3.95,3.3,2.02
2015-2016,Palermo,Frosinone,1.8,3.58,4.67
2015-2016,Genoa,Bologna,1.92,3.35,4.33
2015-2016,Inter,Frosinone,1.21,6.58,15.5
2015-2016,Atalanta,Torino,2.7,3.22,2.72
2015-2016,Carpi,Chievo,3.22,3.03,2.42
2015-2016,Fiorentina,Empoli,1.55,4.0,6.25
2015-2016,Genoa,Sassuolo,2.08,3.4,3.65
2015-2016,Lazio,Palermo,1.45,4.37,7.5
2015-2016,Udinese,Sampdoria,2.15,3.32,3.53
2015-2016,Verona,Napoli,8.8,4.65,1.4
2015-2016,Juventus,Milan,1.58,3.77,7.37
2015-2016,Bologna,Roma,4.85,3.53,1.8
2015-2016,Sampdoria,Fiorentina,4.5,3.58,1.82
2015-2016,Napoli,Udinese,1.22,6.45,13.6
2015-2016,Roma,Lazio,2.01,3.52,3.78
2015-2016,Empoli,Juventus,5.6,3.55,1.7
2015-2016,Frosinone,Genoa,3.6,3.5,2.05
2015-2016,Palermo,Chievo,2.42,3.17,3.17
2015-2016,Sassuolo,Carpi,1.69,3.62,5.52
2015-2016,Torino,Inter,2.88,3.15,2.63
2015-2016,Milan,Atalanta,1.71,3.68,5.23
2015-2016,Verona,Bologna,2.32,3.22,3.3
2015-2016,Palermo,Empoli,2.38,3.15,3.2
2015-2016,Chievo,Sampdoria,2.13,3.3,3.53
2015-2016,Lazio,Milan,2.01,3.42,3.9
2015-2016,Bologna,Atalanta,2.72,3.07,2.78
2015-2016,Carpi,Verona,2.52,3.25,2.9
2015-2016,Genoa,Napoli,5.08,3.82,1.71
2015-2016,Udinese,Sassuolo,2.36,3.27,3.15
2015-2016,Fiorentina,Frosinone,1.26,5.75,12.0
2015-2016,Inter,Roma,2.47,3.38,2.95
2015-2016,Juventus,Torino,1.55,3.8,6.92
2015-2016,Inter,Juventus,3.07,3.28,2.45
2015-2016,Atalanta,Carpi,1.78,3.53,4.92
2015-2016,Frosinone,Sampdoria,2.65,3.35,2.68
2015-2016,Genoa,Chievo,2.03,3.27,3.88
2015-2016,Napoli,Fiorentina,1.73,3.78,5.08
2015-2016,Verona,Udinese,2.33,3.27,3.18
2015-2016,Bologna,Palermo,2.6,3.17,2.87
2015-2016,Roma,Empoli,1.41,4.58,8.25
2015-2016,Milan,Napoli,3.1,3.37,2.35
2015-2016,Fiorentina,Atalanta,1.7,3.67,5.25
2015-2016,Juventus,Bologna,1.27,5.58,13.5
2015-2016,Lazio,Frosinone,1.33,5.0,10.0
2015-2016,Palermo,Roma,4.32,3.65,1.85
2015-2016,Sampdoria,Inter,4.0,3.45,2.0
2015-2016,Udinese,Genoa,2.5,3.18,2.98
2015-2016,Empoli,Sassuolo,2.58,3.28,2.8
2015-2016,Chievo,Verona,2.2,3.25,3.48
2015-2016,Carpi,Torino,3.47,3.17,2.25
2015-2016,Atalanta,Sampdoria,1.97,3.45,4.03
2015-2016,Frosinone,Empoli,3.32,3.28,2.25
2015-2016,Inter,Fiorentina,2.08,3.35,3.8
2015-2016,Bologna,Udinese,2.89,3.12,2.62
2015-2016,Sassuolo,Chievo,2.28,3.1,3.48
2015-2016,Torino,Palermo,1.67,3.73,5.58
2015-2016,Verona,Lazio,3.9,3.45,1.99
2015-2016,Genoa,Milan,2.68,3.22,2.72
2015-2016,Napoli,Juventus,2.22,3.3,3.52
2015-2016,Roma,Carpi,1.31,5.58,10.83
2015-2016,Sampdoria,Bologna,1.92,3.35,4.22
2015-2016,Inter,Milan,2.19,3.24,3.57
2015-2016,Lazio,Udinese,1.56,3.9,6.5
2015-2016,Empoli,Napoli,4.17,3.53,1.91
2015-2016,Palermo,Carpi,1.75,3.5,5.32
2015-2016,Sassuolo,Atalanta,2.22,3.25,3.43
2015-2016,Verona,Torino,2.91,3.32,2.48
2015-2016,Juventus,Chievo,1.4,4.5,8.75
2015-2016,Fiorentina,Genoa,1.7,3.68,5.25
2015-2016,Frosinone,Roma,8.17,4.7,1.4
2015-2016,Atalanta,Frosinone,1.74,3.55,5.25
2015-2016,Carpi,Inter,6.13,3.8,1.59
2015-2016,Chievo,Lazio,3.63,3.25,2.15
2015-2016,Genoa,Verona,2.05,3.47,3.7
2015-2016,Napoli,Sampdoria,1.38,5.13,8.23
2015-2016,Torino,Fiorentina,2.5,3.15,3.03
2015-2016,Udinese,Palermo,2.28,3.28,3.3
2015-2016,Roma,Juventus,2.65,3.15,2.83
2015-2016,Milan,Empoli,1.62,3.87,5.75
2015-2016,Bologna,Sassuolo,2.71,3.18,2.75
2015-2016,Empoli,Chievo,2.23,3.17,3.43
2015-2016,Fiorentina,Milan,2.22,3.25,3.43
2015-2016,Frosinone,Torino,3.72,3.25,2.12
2015-2016,Palermo,Genoa,2.05,3.33,3.8
2015-2016,Sampdoria,Carpi,2.01,3.18,4.23
2015-2016,Sassuolo,Napoli,4.63,3.5,1.82
2015-2016,Juventus,Udinese,1.31,5.0,11.17
2015-2016,Lazio,Bologna,1.53,3.8,7.5
2015-2016,Verona,Roma,5.17,3.7,1.71
